CD_CVM,receita,cpv,vendas,sga,ebit,pdd,caixa,estoques,ativo_total,intangivel,software,divida,pessoal,depreciacao,DENOM_CIA,setor,ebitda,divida_liquida
94,2109725000.0,1848647000.0,73410000.0,71769000.0,128411000.0,,25071000.0,294669000.0,1617429000.0,6752000.0,,965976000.0,75371000.0,14642000.0,PANATLANTICA S.A.,tecnologia,143053000.0,940905000.0
701,354632000.0,169411000.0,0.0,193539000.0,-27063000.0,,15715000.0,0.0,528180000.0,0.0,,113932000.0,198411000.0,16837000.0,BIOMA EDUCAÇÃO S.A.,saude_educacao,-10226000.0,98217000.0
906,213219736000.0,144279153000.0,27525933000.0,28336487000.0,16900514000.0,27525933000.0,208023801000.0,,2069506045000.0,23749208000.0,,648766205000.0,19416133000.0,6371096000.0,BCO BRADESCO S.A.,outros,23271610000.0,440742404000.0
1023,273505274000.0,168990827000.0,47705982000.0,28033530000.0,27710589000.0,47705982000.0,83167243000.0,,2398719197000.0,11350419000.0,,873710691000.0,29858070000.0,5109556000.0,BCO BRASIL S.A.,outros,32820145000.0,790543448000.0
1155,4626262000.0,3146924000.0,0.0,347062000.0,595567000.0,0.0,4290352000.0,,36916911000.0,379917000.0,,22842771000.0,506127000.0,100222000.0,BANESTES S.A. - BCO EST ESPIRITO SANTO,outros,695789000.0,18552419000.0
1210,16420211000.0,10893888000.0,1262647000.0,2198472000.0,760953000.0,2456338000.0,1792236000.0,,147936515000.0,465583000.0,,88194890000.0,2214543000.0,408977000.0,BANCO DO ESTADO DO RIO GRANDE DO SUL SA,financeiro,1169930000.0,86402654000.0
1325,5913694000.0,2784929000.0,0.0,670424000.0,575525000.0,827587000.0,3934842000.0,,25479109000.0,164639000.0,,17659110000.0,588519000.0,154535000.0,BCO MERCANTIL DO BRASIL S.A.,tecnologia,730060000.0,13724268000.0
1350,899029000.0,0.0,0.0,1348000.0,746635000.0,,10906000.0,,15041997000.0,0.0,,,1347000.0,3000.0,BANCO NACIONAL S.A.,financeiro,746638000.0,-10906000.0
1520,33086000.0,28800000.0,2189000.0,18870000.0,-16654000.0,,17626000.0,47836000.0,545083000.0,113994000.0,,183094000.0,21700000.0,2086000.0,BARDELLA S.A. INDUSTRIAS MECANICAS EM RECUPERAÇÃO JUDICIAL,industria,-14568000.0,165468000.0
1562,194386000.0,74578000.0,48035000.0,43027000.0,35985000.0,,16862000.0,62716000.0,286669000.0,3405000.0,,33450000.0,49072000.0,4985000.0,BAUMER S.A.,outros,40970000.0,16588000.0
2100,437894000.0,221267000.0,80044000.0,40103000.0,95141000.0,,1684000.0,35819000.0,368932000.0,71546000.0,,6466000.0,95297000.0,13396000.0,CAMBUCI S.A.,outros,108537000.0,4782000.0
2429,1627470000.0,1002024000.0,141788000.0,120798000.0,317934000.0,,604232000.0,147851000.0,3620637000.0,1459000.0,,3372228000.0,276767000.0,195234000.0,IRANI PAPEL E EMBALAGEM S.A.,commodities,513168000.0,2767996000.0
2437,40181552000.0,22143030000.0,0.0,4559134000.0,22248904000.0,,27081256000.0,441471000.0,289871330000.0,31686626000.0,,151423731000.0,3980847000.0,3987775000.0,AXIA ENERGIA S.A.,utilities,26236679000.0,124342475000.0
2453,39819620000.0,31663744000.0,174801000.0,819915000.0,9877932000.0,174801000.0,1898224000.0,0.0,59726836000.0,3221020000.0,,24558600000.0,2035003000.0,1376028000.0,CIA ENERGETICA DE MINAS GERAIS - CEMIG,tecnologia,11253960000.0,22660376000.0
2461,10658858000.0,8852978000.0,120983000.0,640273000.0,1219791000.0,,1019482000.0,21432000.0,13037758000.0,382859000.0,,8406014000.0,887738000.0,348071000.0,CENTRAIS ELET DE SANTA CATARINA S.A.,outros,1567862000.0,7386532000.0
2577,1469889000.0,1024997000.0,0.0,128753000.0,1969127000.0,,1855465000.0,0.0,14493499000.0,0.0,,7999777000.0,87444000.0,423054000.0,CESP - CIA ENERGETICA DE SAO PAULO,tecnologia,2392181000.0,6144312000.0
3069,2236704000.0,1765500000.0,21547000.0,218223000.0,171929000.0,,464086000.0,556125000.0,4387880000.0,66886000.0,,841112000.0,449938000.0,253346000.0,CIA FERRO LIGAS DA BAHIA - FERBASA,commodities,425275000.0,377026000.0
3077,1036777000.0,729585000.0,60862000.0,57259000.0,165244000.0,,5879000.0,194488000.0,944074000.0,98000.0,1720000.0,760132000.0,169325000.0,23190000.0,CIA FIACAO TECIDOS CEDRO CACHOEIRA,outros,188434000.0,754253000.0
3158,470295000.0,502725000.0,189147000.0,210229000.0,-513695000.0,,52190000.0,242835000.0,3047960000.0,1249749000.0,,2703436000.0,244609000.0,80279000.0,CIA TECIDOS NORTE DE MINAS COTEMINAS,outros,-433416000.0,2651246000.0
3190,17884954000.0,13156737000.0,0.0,1067763000.0,3438041000.0,,225695000.0,64880000.0,30059241000.0,8747000.0,,31491198000.0,685518000.0,876069000.0,REDE ENERGIA PARTICIPAÇÕES S.A.,tecnologia,4314110000.0,31265503000.0
3204,2065573000.0,934026000.0,10343000.0,146604000.0,993453000.0,,182133000.0,74024000.0,7818832000.0,21778000.0,,6727936000.0,187651000.0,5138000.0,CPFL TRANSMISSÃO S.A.,outros,998591000.0,6545803000.0
3298,52862000.0,20605000.0,2714000.0,88674000.0,6812000.0,,572000.0,101622000.0,1593259000.0,716287000.0,,542254000.0,27152000.0,1494000.0,CIA HABITASUL DE PARTICIPACOES,tecnologia,8306000.0,541682000.0
3328,8043530000.0,3871033000.0,0.0,1292289000.0,5843566000.0,,6348797000.0,134723000.0,71338795000.0,5650334000.0,,17085970000.0,955242000.0,633624000.0,AXIA ENERGIA NORDESTE S.A.,utilities,6477190000.0,10737173000.0
3395,316150000.0,222824000.0,40793000.0,17797000.0,34231000.0,,80645000.0,94572000.0,418460000.0,4315000.0,,305068000.0,67200000.0,9101000.0,COMPANHIA INDUSTRIAL CATAGUASES,industria,43332000.0,224423000.0
3549,0.0,0.0,0.0,293000.0,-189000.0,0.0,6892000.0,545000.0,56862000.0,12092000.0,11000.0,54312000.0,0.0,0.0,CIA INDUSTRIAL SCHLOSSER S.A.,industria,-189000.0,47420000.0
3654,163122000.0,104709000.0,18406000.0,60298000.0,34630000.0,,46686000.0,23947000.0,1423973000.0,65897000.0,,353514000.0,62224000.0,16020000.0,CIA MELHORAMENTOS DE SAO PAULO,outros,50650000.0,306828000.0
3980,67026656000.0,57823416000.0,762560000.0,1404059000.0,7487202000.0,,7767813000.0,16504911000.0,86814493000.0,4222317000.0,,27272968000.0,7587166000.0,3126247000.0,GERDAU S.A.,commodities,10613449000.0,19505155000.0
4030,43687460000.0,31990696000.0,5453297000.0,855999000.0,4270022000.0,,23310197000.0,10439741000.0,103906654000.0,5948051000.0,,56914621000.0,4158901000.0,3786055000.0,CIA SIDERURGICA NACIONAL,commodities,8056077000.0,33604424000.0
4081,35551000.0,86706000.0,6578000.0,17789000.0,-108131000.0,,3363000.0,87077000.0,673131000.0,145570000.0,,445174000.0,43326000.0,9887000.0,CIA TECIDOS SANTANENSE EM RECUPERAÇÃO JUDICIAL,outros,-98244000.0,441811000.0
4146,699084000.0,375484000.0,175466000.0,77500000.0,83925000.0,,10650000.0,177914000.0,706533000.0,0.0,,878018000.0,201755000.0,19253000.0,KARSTEN S.A.,outros,103178000.0,867368000.0
4170,206005000000.0,131318000000.0,0.0,3397000000.0,55459000000.0,,30671000000.0,28513000000.0,496325000000.0,28158000000.0,,201337000000.0,15702000000.0,16525000000.0,VALE S.A.,commodities,71984000000.0,170666000000.0
4448,398000.0,0.0,0.0,419000.0,-37812000.0,,0.0,0.0,138473000.0,567000.0,,47974884000.0,0.0,2827000.0,COBRASMA S.A.,outros,-34985000.0,47974884000.0
4537,728592000.0,343626000.0,222634000.0,69642000.0,81330000.0,,207188000.0,141882000.0,1353420000.0,278837000.0,,0.0,135586000.0,28012000.0,GRAZZIOTIN S.A.,tecnologia,109342000.0,-207188000.0
4669,9634207000.0,3952420000.0,3509676000.0,1379185000.0,761835000.0,,1158206000.0,1461441000.0,13633267000.0,164428000.0,,3941992000.0,1764804000.0,690208000.0,GUARARAPES CONFECCOES S.A.,outros,1452043000.0,2783786000.0
4693,733020000.0,522102000.0,101063000.0,44214000.0,51315000.0,,101282000.0,395718000.0,1032741000.0,45000.0,,650904000.0,109245000.0,16081000.0,CONSERVAS ODERICH S.A.,outros,67396000.0,549622000.0
4723,75149000.0,55021000.0,0.0,30320000.0,18637000.0,,6868000.0,18811000.0,243669000.0,164871000.0,474000.0,140309000.0,28011000.0,2089000.0,CONSTRUTORA ADOLPHO LINDENBERG S.A.,construcao,20726000.0,133441000.0
4820,77411000000.0,71414000000.0,1991000000.0,3102000000.0,-1079000000.0,,14986000000.0,13688000000.0,101575000000.0,438000000.0,,121598000000.0,2400000000.0,4950000000.0,BRASKEM S.A.,outros,3871000000.0,106612000000.0
5258,38871522000.0,27314741000.0,7627819000.0,1570628000.0,2352106000.0,,528002000.0,8407430000.0,22163756000.0,14740000.0,,9792208000.0,3828600000.0,1801431000.0,RAIA DROGASIL S.A.,commodities,4153537000.0,9264206000.0
5312,969980000.0,595926000.0,208606000.0,53373000.0,133467000.0,,1728000.0,223100000.0,1448472000.0,1171000.0,1337000.0,997869000.0,185067000.0,15542000.0,MUNDIAL S.A. - PRODUTOS DE CONSUMO,outros,149009000.0,996141000.0
5380,564238000.0,396879000.0,23403000.0,51168000.0,101077000.0,,12904000.0,102041000.0,618724000.0,87455000.0,,241884000.0,156377000.0,23961000.0,ELECTRO ACO ALTONA S.A.,commodities,125038000.0,228980000.0
5410,37986941000.0,25173096000.0,2987307000.0,1299421000.0,7690528000.0,,7347599000.0,9903951000.0,41489701000.0,71808000.0,,7190474000.0,7355546000.0,812485000.0,WEG S.A.,industria,8503013000.0,-157125000.0
5762,1161752000.0,913939000.0,115765000.0,96759000.0,36806000.0,,16132000.0,196527000.0,1306516000.0,0.0,2940000.0,252514000.0,204130000.0,51213000.0,ETERNIT S.A.,outros,88019000.0,236382000.0
5770,2857809000.0,1915521000.0,435271000.0,116375000.0,373326000.0,,246225000.0,627979000.0,4569192000.0,4630000.0,,1611416000.0,393439000.0,205011000.0,EUCATEX S.A. INDUSTRIA E COMERCIO,industria,578337000.0,1365191000.0
5983,1344000.0,123000.0,0.0,1769000.0,-548000.0,,33000.0,0.0,3075000.0,58000.0,,49788000.0,0.0,0.0,FIACAO E TECELAGEM SAO JOSE SA EM RECUPERACAO JUDICIAL,outros,-548000.0,49755000.0
6173,1672674000.0,1090267000.0,199514000.0,221305000.0,208955000.0,,112614000.0,779281000.0,2628647000.0,67933000.0,,1495076000.0,208996000.0,43615000.0,TAURUS ARMAS S.A.,outros,252570000.0,1382462000.0
6211,3965776000.0,2635267000.0,404731000.0,317435000.0,519171000.0,,844881000.0,1054752000.0,4869614000.0,36896000.0,,2222356000.0,642622000.0,158712000.0,FRASLE MOBILITY S.A.,outros,677883000.0,1377475000.0
6343,10665110000.0,8738519000.0,561747000.0,449573000.0,559667000.0,,2376203000.0,2197704000.0,11510863000.0,14267000.0,,9540624000.0,2184094000.0,387098000.0,TUPY S.A.,industria,946765000.0,7164421000.0
6505,27206000000.0,18829000000.0,5486000000.0,1195000000.0,510000000.0,,2131000000.0,4695000000.0,33889000000.0,263000000.0,,9446000000.0,3470000000.0,1072000000.0,GRUPO CASAS BAHIA S.A.,varejo,1582000000.0,7315000000.0
6700,162733000.0,51880000.0,9193000.0,48197000.0,132461000.0,,14453000.0,4714000.0,498883000.0,270000.0,,2044000.0,24796000.0,9541000.0,HOTEIS OTHON S.A. - EM RECUPERAÇÃO JUDICIAL,outros,142002000.0,-12409000.0
7510,1220011000.0,864795000.0,118493000.0,152274000.0,112620000.0,,262220000.0,715544000.0,2546623000.0,14283000.0,,1710968000.0,376036000.0,60613000.0,ROMI S.A.,outros,173233000.0,1448748000.0
7544,117684000.0,95462000.0,13141000.0,13777000.0,6105000.0,,298000.0,37122000.0,175170000.0,0.0,,635124000.0,32181000.0,4627000.0,TEXTIL RENAUXVIEW S.A.,tecnologia,10732000.0,634826000.0
7595,4402000.0,6515000.0,4341000.0,66048000.0,-88454000.0,3147000.0,126000.0,9365000.0,932845000.0,105243000.0,,2086428000.0,10463000.0,6584000.0,INEPAR S.A. INDUSTRIA E CONSTRUCOES EM RECUPERACAO JUDICIAL,industria,-81870000.0,2086302000.0
7617,8235000000.0,5783000000.0,1225000000.0,542000000.0,16388000000.0,,4852000000.0,1642000000.0,114625000000.0,90171000000.0,,22224000000.0,1337000000.0,1231000000.0,ITAÚSA S.A.,outros,17619000000.0,17372000000.0
7811,166984000.0,207568000.0,26153000.0,34572000.0,-169930000.0,,8363000.0,575921000.0,857867000.0,0.0,446000.0,529776000.0,15930000.0,17265000.0,JOAO FORTES ENGENHARIA S.A. - EM RECUPERAÇÃO JUDICIAL,outros,-152665000.0,521413000.0
7870,1607297000.0,1126092000.0,101137000.0,100807000.0,289184000.0,,389817000.0,296377000.0,1594030000.0,1439000.0,,636349000.0,211911000.0,39479000.0,KEPLER WEBER S.A.,outros,328663000.0,246532000.0
8133,12629856000.0,5694417000.0,3881212000.0,1847770000.0,1259343000.0,,1926110000.0,1929908000.0,20364590000.0,56582000.0,,1891000000.0,2041648000.0,1244254000.0,LOJAS RENNER S.A.,varejo,2503597000.0,-35110000.0
8192,136466000.0,95387000.0,0.0,20580000.0,21567000.0,,10877000.0,408000.0,208312000.0,10648000.0,,10578000.0,42222000.0,16209000.0,TREVISA INVESTIMENTOS S.A.,tecnologia,37776000.0,-299000.0
8397,948038000.0,834552000.0,10525000.0,37745000.0,63267000.0,,12596000.0,125615000.0,739532000.0,0.0,,1266132000.0,158403000.0,21411000.0,MANGELS INDUSTRIAL S.A.,industria,84678000.0,1253536000.0
8427,154454000.0,86828000.0,21180000.0,48407000.0,572000.0,,339000.0,29088000.0,328256000.0,4325000.0,,202062000.0,10299000.0,1879000.0,MANUFATURA DE BRINQUEDOS ESTRELA S.A.,outros,2451000.0,201723000.0
8451,8593837000.0,6462477000.0,352368000.0,380061000.0,1457572000.0,,2093398000.0,1828739000.0,9441753000.0,597858000.0,,6511972000.0,1593434000.0,167592000.0,MARCOPOLO S.A.,outros,1625164000.0,4418574000.0
8575,4557980000.0,3258867000.0,343228000.0,140635000.0,870250000.0,,291793000.0,815753000.0,3593297000.0,41097000.0,,2103653000.0,824323000.0,104725000.0,MAHLE METAL LEVE S.A.,industria,974975000.0,1811860000.0
8656,67026656000.0,57823416000.0,762560000.0,1417394000.0,7474322000.0,,7861818000.0,16504911000.0,86948529000.0,4222317000.0,,27272968000.0,7590376000.0,3126247000.0,METALURGICA GERDAU S.A.,industria,10600569000.0,19411150000.0
8672,1236345000.0,406667000.0,163231000.0,0.0,720864000.0,,49040000.0,30169000.0,8503874000.0,5714817000.0,,6065366000.0,155816000.0,193898000.0,IGUATEMI S.A.,outros,914762000.0,6016326000.0
8745,419327000.0,319394000.0,33530000.0,19751000.0,43246000.0,,38378000.0,39962000.0,177412000.0,838000.0,92000.0,0.0,21489000.0,0.0,METANOR SA METANOL DO NE,outros,43246000.0,-38378000.0
8753,506964306.0,392448587.0,48719377.0,33509477.0,32249443.0,,168625460.0,144591495.0,555656591.0,0.0,170916.0,92267790.0,101426312.0,13048942.0,METISA METALURGICA TIMBOENSE S.A.,tecnologia,45298385.0,-76357670.0
8893,0.0,0.0,0.0,25309000.0,-64844000.0,0.0,805135000.0,0.0,2510241000.0,889990000.0,,1346440000.0,13683000.0,665000.0,MONTEIRO ARANHA S.A.,outros,-64179000.0,541305000.0
9067,47405389000.0,27402515000.0,2938547000.0,2627134000.0,15686224000.0,,9067796000.0,7962324000.0,166106723000.0,1818610000.0,,202871062000.0,4687862000.0,9225034000.0,SUZANO HOLDING S.A.,commodities,24911258000.0,193803266000.0
9342,4942462000.0,3371196000.0,1234979000.0,159860000.0,195279000.0,0.0,79995000.0,1151516000.0,3377453000.0,9288000.0,,1790462000.0,597372000.0,210164000.0,DIMED S.A. DISTRIBUIDORA DE MEDICAMENTOS,outros,405443000.0,1710467000.0
9393,459926000.0,623528000.0,9693000.0,72509000.0,-439359000.0,,8524000.0,271750000.0,1627102000.0,25701000.0,,5217078000.0,156959000.0,86628000.0,PARANAPANEMA S.A. - EM RECUPERAÇÃO JUDICIAL,outros,-352731000.0,5208554000.0
9512,490829000000.0,244367000000.0,26134000000.0,9931000000.0,137201000000.0,,20254000000.0,41550000000.0,1124797000000.0,4081000000.0,,516893000000.0,44646000000.0,67033000000.0,PETROLEO BRASILEIRO S.A. PETROBRAS,commodities,204234000000.0,496639000000.0
9539,746450281.0,632608454.0,33244602.0,54540904.0,39521706.0,,163398300.0,140952383.0,877647024.0,3042119.0,3956566.0,522445332.0,120196337.0,32705259.0,PETTENATI S.A. INDUSTRIA TEXTIL,tecnologia,72226965.0,359047032.0
9989,6983506000.0,7752113000.0,0.0,514916000.0,-1273248000.0,,93092000.0,2265181000.0,8693163000.0,0.0,,470000.0,173623000.0,34456000.0,REFINARIA DE PETROLEOS MANGUINHOS S.A.,commodities,-1238792000.0,-92622000.0
10456,4108311000.0,2335615000.0,1305082000.0,263819000.0,51236000.0,,1488511000.0,709119000.0,6839725000.0,835625000.0,,1423524000.0,1003743000.0,249815000.0,ALPARGATAS S.A.,outros,301051000.0,-64987000.0
10880,197944000.0,143091000.0,0.0,29642000.0,20768000.0,,13275000.0,0.0,116073000.0,153000.0,1851000.0,6372000.0,61573000.0,5044000.0,SONDOTECNICA ENGENHARIA SOLOS S.A.,outros,25812000.0,-6903000.0
11070,3123742000.0,2751297000.0,0.0,191865000.0,211114000.0,,38618000.0,429073000.0,1311805000.0,2531000.0,,742622000.0,160111000.0,6024000.0,WLM PART. E COMÉRCIO DE MÁQUINAS E VEÍCULOS S.A.,outros,217138000.0,704004000.0
11223,336014000.0,252221000.0,49230000.0,14092000.0,-35848000.0,,1691000.0,61223000.0,1148003000.0,4882000.0,,57011000.0,86575000.0,4426000.0,TEKA-TECELAGEM KUEHNRICH S.A. - EM RECUPERAÇÃO JUDICIAL,outros,-31422000.0,55320000.0
11231,301033000.0,216746000.0,9803000.0,24816000.0,56169000.0,,91490000.0,79856000.0,409132000.0,67982000.0,40000.0,2613000.0,46653000.0,7326000.0,TEKNO S.A. - INDUSTRIA E COMERCIO,industria,63495000.0,-88877000.0
11312,3180421000.0,4635082000.0,608519000.0,935717000.0,-1956309000.0,,1525981000.0,121386000.0,19760628000.0,4041743000.0,301831000.0,23908118000.0,1321519000.0,787805000.0,OI S.A. - EM RECUPERAÇÃO JUDICIAL,utilities,-1168504000.0,22382137000.0
11592,5431599000.0,3958998000.0,270857000.0,556901000.0,625019000.0,,845342000.0,410075000.0,7111789000.0,194739000.0,,4624001000.0,732664000.0,322978000.0,UNIPAR CARBOCLORO S.A.,outros,947997000.0,3778659000.0
11762,3048578000.0,1770187000.0,552412000.0,177783000.0,580489000.0,,307660000.0,648390000.0,2993308000.0,64321000.0,,673704000.0,875386000.0,106277000.0,VULCABRAS S.A.,outros,686766000.0,366044000.0
11932,15331813000.0,13510380000.0,76150000.0,722385000.0,1021036000.0,,2463475000.0,2458784000.0,15961371000.0,230043000.0,67548000.0,12777518000.0,3034116000.0,503035000.0,IOCHPE MAXION S.A.,outros,1524071000.0,10314043000.0
11975,151818000.0,149269000.0,0.0,121635000.0,-264236000.0,,3151000.0,17668000.0,688233000.0,28000000.0,,181924000.0,97215000.0,39689000.0,AZEVEDO E TRAVASSOS S.A.,outros,-224547000.0,178773000.0
11991,279779000.0,263230000.0,25788000.0,25195000.0,64988000.0,,526000.0,34337000.0,352234000.0,42292000.0,,164043000.0,78800000.0,5003000.0,WETZEL S.A.,outros,69991000.0,163517000.0
12190,1597786000.0,941572000.0,351413000.0,106498000.0,269348000.0,0.0,36396000.0,119565000.0,829639000.0,0.0,,583780000.0,205025000.0,27604000.0,BOMBRIL S.A. - EM RECUPERAÇÃO JUDICIAL,outros,296952000.0,547384000.0
12572,19854000.0,18163000.0,1658000.0,3357000.0,-14861000.0,,5000.0,9762000.0,46867000.0,5579000.0,,0.0,4527000.0,1187000.0,RECRUSUL S.A.,outros,-13674000.0,-5000.0
12653,19645264000.0,12273741000.0,1605943000.0,1111956000.0,4497439000.0,,6736171000.0,3215938000.0,59390832000.0,139229000.0,,79408474000.0,2458120000.0,3963554000.0,KLABIN S.A.,commodities,8460993000.0,72672303000.0
12696,944820000.0,695639000.0,132403000.0,83013000.0,297034000.0,0.0,21893000.0,167211000.0,551164000.0,2090000.0,,407999000.0,246689000.0,17397000.0,SANSUY S.A. INDUSTRIA DE PLASTICOS,tecnologia,314431000.0,386106000.0
12823,38279000.0,0.0,0.0,44020000.0,41026000.0,,290000.0,2697000.0,507871000.0,12145000.0,,118094000.0,9635000.0,2708000.0,ALIPERTI S.A.,tecnologia,43734000.0,117804000.0
13030,187582000.0,174484000.0,0.0,13523000.0,1468000.0,,3333000.0,1504000.0,2101974000.0,6752000.0,,10474000.0,23302000.0,288000.0,CONSTRUTORA SULTEPA S.A. - EM RECUPERAÇÃO JUDICIAL,construcao,1756000.0,7141000.0
13285,2212219000.0,1744709000.0,206722000.0,164859000.0,109618000.0,,11606000.0,292338000.0,2306859000.0,321630000.0,15000.0,2442883000.0,132038000.0,13861000.0,JOSAPAR-JOAQUIM OLIVEIRA S.A. - PARTICIP,tecnologia,123479000.0,2431277000.0
13366,29529985.0,22176478.0,3913391.0,5364021.0,-786210.0,,28104.0,4467661.0,65364391.0,0.0,,41508172.0,9748740.0,1045830.0,HAGA S.A. INDUSTRIA E COMERCIO,industria,259620.0,41480068.0
13439,380752000.0,222632000.0,34889000.0,34725000.0,84896000.0,,1351000.0,97519000.0,395033000.0,69955000.0,,35292000.0,37411000.0,6588000.0,METALURGICA RIOSULENSE S.A.,industria,91484000.0,33941000.0
13471,1131800000.0,963676000.0,56592000.0,100444000.0,17157000.0,,35510000.0,85360000.0,662858000.0,0.0,,561830000.0,305169000.0,57272000.0,PLASCAR PARTICIPACOES INDUSTRIAIS S.A.,tecnologia,74429000.0,526320000.0
13765,354888000.0,261122000.0,16128000.0,18997000.0,46037000.0,,379000.0,22519000.0,375004000.0,18750000.0,,0.0,139561000.0,8446000.0,MINUPAR PARTICIPACOES S.A.,tecnologia,54483000.0,-379000.0
13773,2407806000.0,1542434000.0,661703000.0,139970000.0,130052000.0,,79440000.0,553895000.0,3346770000.0,0.0,,2327406000.0,549682000.0,183453000.0,PBG S/A,outros,313505000.0,2247966000.0
13781,178788000.0,325516000.0,32713000.0,37511000.0,90493000.0,,7292000.0,0.0,2873684000.0,1961287000.0,,2325830000.0,28998000.0,54771000.0,SAO CARLOS EMPREEND E PARTICIPACOES S.A.,tecnologia,145264000.0,2318538000.0
13986,47403282000.0,27401527000.0,2938547000.0,2619844000.0,15691092000.0,,9018818000.0,7962324000.0,165936105000.0,1816923000.0,,202871062000.0,4683703000.0,9223995000.0,SUZANO S.A.,commodities,24915087000.0,193852244000.0
14109,11915741000.0,8731589000.0,954055000.0,797611000.0,1280029000.0,,2252138000.0,2572377000.0,15437636000.0,190205000.0,,13465624000.0,1747268000.0,342520000.0,RANDONCORP S.A.,industria,1622549000.0,11213486000.0
14206,8909356000.0,5135613000.0,246340000.0,0.0,410000000.0,246340000.0,2029253000.0,,62504412000.0,262239000.0,,40610625000.0,1396901000.0,185942000.0,BRB BANCO DE BRASILIA S.A.,financeiro,595942000.0,38581372000.0
14311,22651036000.0,17759792000.0,137121000.0,825350000.0,4064248000.0,,4161939000.0,136324000.0,57384156000.0,3577937000.0,,34492318000.0,1372812000.0,1465478000.0,CIA PARANAENSE DE ENERGIA - COPEL,utilities,5529726000.0,30330379000.0
14320,25869799000.0,24209863000.0,420001000.0,651024000.0,499576000.0,,5200342000.0,7451981000.0,39871790000.0,1593866000.0,,13536668000.0,1405412000.0,1226067000.0,USINAS SID DE MINAS GERAIS S.A.-USIMINAS,outros,1725643000.0,8336326000.0
14346,12931658000.0,10721337000.0,741646000.0,495236000.0,1036375000.0,,3376540000.0,1497142000.0,10569338000.0,2956000.0,,2178244000.0,1711945000.0,240291000.0,WHIRLPOOL S.A.,outros,1276666000.0,-1198296000.0
14443,36145477000.0,16603073000.0,1475378000.0,2311438000.0,15510460000.0,557789000.0,1682606000.0,10818000.0,80965430000.0,262433000.0,638287000.0,50048527000.0,3380258000.0,2676642000.0,CIA SANEAMENTO BASICO EST SAO PAULO,utilities,18187102000.0,48365921000.0
14451,350369000.0,157311000.0,0.0,75537000.0,221085000.0,,708612000.0,30235000.0,1484640000.0,445026000.0,,0.0,56704000.0,8259000.0,COMPANHIA ENERGÉTICA DE BRASÍLIA - CEB,tecnologia,229344000.0,-708612000.0
14460,7965688000.0,5385823000.0,659284000.0,462436000.0,1992797000.0,,531729000.0,4763287000.0,21240962000.0,3126325000.0,4159000.0,12154594000.0,378673000.0,74195000.0,CYRELA BRAZIL REALTY S.A.EMPREEND E PART,construcao,2066992000.0,11622865000.0
14664,1945886000.0,1443657000.0,169827000.0,135153000.0,290270000.0,,26838000.0,384427000.0,2602298000.0,128209000.0,,1498346000.0,395707000.0,69168000.0,SCHULZ S.A.,outros,359438000.0,1471508000.0
14826,18790000000.0,13618000000.0,3040000000.0,648000000.0,-436000000.0,,2631000000.0,2014000000.0,19703000000.0,804000000.0,,4045000000.0,2791000000.0,1161000000.0,CIA BRASILEIRA DE DISTRIBUICAO,outros,725000000.0,1414000000.0
15253,33715476000.0,25151840000.0,0.0,2034407000.0,6110922000.0,,899139000.0,137932000.0,77181653000.0,673262000.0,,70235122000.0,1663566000.0,1857227000.0,ENERGISA S.A.,outros,7968149000.0,69335983000.0
15458,24373000.0,24837000.0,4600000.0,5894000.0,-2530000.0,,5387000.0,0.0,68946000.0,36700000.0,0.0,0.0,1804000.0,1488000.0,EMBPAR PARTICIPAÇÕES S/A,tecnologia,-1042000.0,-5387000.0
15539,48993000000.0,35896000000.0,286000000.0,2249000000.0,9701000000.0,,7730000000.0,0.0,109541000000.0,1837000000.0,,105200000000.0,2716000000.0,2872000000.0,NEOENERGIA S.A.,utilities,12573000000.0,97470000000.0
16101,1012352000.0,1066679000.0,33915000.0,110090000.0,-59570000.0,,8951000.0,1461901000.0,5302367000.0,809065000.0,,4207597000.0,47013000.0,13979000.0,GAFISA S.A.,outros,-45591000.0,4198646000.0
16292,61379038000.0,45543222000.0,8082662000.0,953059000.0,6840386000.0,,11165364000.0,6728002000.0,62675076000.0,129283000.0,233864000.0,41481096000.0,8292382000.0,3524504000.0,BRF S.A.,outros,10364890000.0,30315732000.0
16306,146362000.0,120418000.0,41266000.0,14115000.0,66696000.0,,2175000.0,119999000.0,458067000.0,66454000.0,0.0,778090000.0,5447000.0,161000.0,ROSSI RESIDENCIAL S.A. - EM RECUPERAÇÃO JUDICIAL,outros,66857000.0,775915000.0
16438,0.0,0.0,0.0,602000.0,-511000.0,,16000.0,0.0,12050000.0,5004000.0,,1847000.0,217000.0,0.0,SUL 116 PARTICIPAÇÕES S.A. - EM LIQUIDAÇÃO,tecnologia,-511000.0,1831000.0
16632,1810394000.0,1459852000.0,126611000.0,67919000.0,230698000.0,,341761000.0,309516000.0,1557125000.0,59799000.0,,552100000.0,113792000.0,31687000.0,DEXXOS PARTICIPAÇÕES S.A.,tecnologia,262385000.0,210339000.0
16659,35243466000.0,0.0,0.0,6391610000.0,3099486000.0,,2191494000.0,0.0,47913736000.0,533170000.0,,0.0,2920312000.0,413065000.0,PORTO SEGURO S.A.,financeiro,3512551000.0,-2191494000.0
16675,72018563.0,15057673.0,0.0,47861646.0,10857347.0,,12479.0,0.0,134960740.0,314.0,,33957658.0,23626611.0,1391964.0,CEL PARTICIPAÇÕES S.A. - CELPAR,tecnologia,12249311.0,33945179.0
16705,0.0,0.0,0.0,49973.0,-49973.0,,137178.0,0.0,4663342715.0,116503170.0,,552362.0,0.0,0.0,YBYRÁ CAPITAL S.A.,outros,-49973.0,415184.0
16993,621368000.0,416206000.0,0.0,140211000.0,-9846000.0,,311326000.0,2054000.0,2087293000.0,221695000.0,,0.0,160482000.0,10496000.0,EMAE - EMPRESA METROP. DE AGUAS E ENERGIA S.A.,utilities,650000.0,-311326000.0
17329,11218635000.0,5112053000.0,64610000.0,443460000.0,7682051000.0,,3958758000.0,0.0,50112301000.0,1250625000.0,,47295298000.0,399039000.0,1072024000.0,ENGIE BRASIL ENERGIA S.A.,utilities,8754075000.0,43336540000.0
17450,13936389000.0,7533536000.0,49006000.0,661678000.0,2429087000.0,3149244000.0,7461618000.0,282580000.0,50593023000.0,321985000.0,,38246436000.0,1260127000.0,5452624000.0,RUMO S.A.,outros,7881711000.0,30784818000.0
17671,55845048000.0,31352158000.0,12953799000.0,3205014000.0,8673512000.0,,6691098000.0,1097238000.0,124940673000.0,566384000.0,,26246454000.0,6556767000.0,14202285000.0,TELEFÔNICA BRASIL S.A,outros,22875797000.0,19555356000.0
17868,1877000.0,1802000.0,0.0,2631000.0,-1729000.0,,0.0,334000.0,296343000.0,1000.0,,86000.0,68000.0,1571000.0,INEPAR EQUIPAMENTOS E MONTAGENS S/A - EM RECUPERACAO JUDICIA,outros,-158000.0,86000.0
17892,2903016000.0,1315680000.0,147647000.0,253076000.0,1207280000.0,,730094000.0,32563000.0,5541642000.0,0.0,,5451760000.0,574977000.0,262092000.0,SANTOS BRASIL PARTICIPACOES S.A.,tecnologia,1469372000.0,4721666000.0
17949,7024973000.0,3909918000.0,18679000.0,595700000.0,2544924000.0,,4144613000.0,311260000.0,20613082000.0,0.0,,16337516000.0,984315000.0,1015019000.0,MRS LOGISTICA S.A.,tecnologia,3559943000.0,12192903000.0
17973,6390593000.0,2113100000.0,768095000.0,1562979000.0,1351968000.0,575612000.0,94965000.0,429461000.0,24200400000.0,53791000.0,,10872859000.0,1700613000.0,688574000.0,COGNA EDUCAÇÃO S.A.,saude_educacao,2040542000.0,10777894000.0
18368,0.0,0.0,0.0,0.0,0.0,,0.0,0.0,0.0,0.0,,0.0,0.0,0.0,RIO PARANAPANEMA ENERGIA S.A.,utilities,0.0,0.0
18376,7966581000.0,4229120000.0,1152707000.0,364588000.0,5131278000.0,,2914747000.0,94384000.0,43304632000.0,4354888000.0,,26510099000.0,372538000.0,37357000.0,ISA ENERGIA BRASIL,utilities,5168635000.0,23595352000.0
18414,298759.0,203716.0,34530.0,60711.0,-5836.0,,158084.0,117157.0,719682.0,0.0,,697142.0,101885.0,23376.0,PADTEC HOLDING S.A.,outros,17540.0,539058.0
18465,133498913000.0,123811893000.0,2499547000.0,1872092000.0,4943451000.0,0.0,2071593000.0,3917076000.0,39558074000.0,2148633000.0,,30089372000.0,2306050000.0,1212733000.0,ULTRAPAR PARTICIPACOES S.A.,tecnologia,6156184000.0,28017779000.0
18660,42628210000.0,29059437000.0,981340000.0,1588046000.0,10830228000.0,416808000.0,1973401000.0,221573000.0,77129194000.0,581364000.0,,57576676000.0,2289234000.0,1977330000.0,CPFL ENERGIA S.A.,utilities,12807558000.0,55603275000.0
18708,87662000.0,30604000.0,135000.0,76797000.0,31252000.0,,3712000.0,0.0,1239221000.0,726620000.0,,226650000.0,41205000.0,11884000.0,CIA PARTICIPACOES ALIANCA DA BAHIA,tecnologia,43136000.0,222938000.0
18775,3331291000.0,1935977000.0,0.0,167044000.0,1191585000.0,,892784000.0,7632000.0,15862329000.0,74356000.0,,6642390000.0,134476000.0,1121850000.0,INVESTIMENTOS E PARTICIP. EM INFRA S.A. - INVEPAR,tecnologia,2313435000.0,5749606000.0
18821,21783791000.0,14448085000.0,0.0,2153483000.0,5428889000.0,77997000.0,4187905000.0,499822000.0,59097099000.0,1162245000.0,,67757486000.0,2064422000.0,1716427000.0,MOTIVA INFRAESTRUTURA DE MOBILIDADE S.A.,tecnologia,7145316000.0,63569581000.0
18953,5045523000.0,1747548000.0,217000.0,272811000.0,3080276000.0,,526099000.0,63767000.0,14769894000.0,537858000.0,,3015128000.0,107171000.0,325754000.0,CPFL GERACAO DE ENERGIA S.A.,utilities,3406030000.0,2489029000.0
19100,371753000.0,332092000.0,0.0,91003000.0,-53193000.0,,68431000.0,0.0,1105551000.0,0.0,,532093000.0,321317000.0,60510000.0,CONTAX PARTICIPAÇÕES S.A. - EM RECUPERAÇÃO JUDICIAL,tecnologia,7317000.0,463662000.0
19232,8269000.0,1735000.0,0.0,1887000.0,5230000.0,,0.0,0.0,15317000.0,0.0,,21918000.0,86000.0,742000.0,PRODUTORES ENERGET.DE MANSO S.A.- PROMAN,outros,5972000.0,21918000.0
19305,142905000.0,125022000.0,39980000.0,49694000.0,-81211000.0,,77620000.0,54994000.0,465899000.0,0.0,,242766000.0,34013000.0,0.0,BIOMM S.A.,outros,-81211000.0,165146000.0
19330,1322852000.0,868692000.0,0.0,180041000.0,59002000.0,,53276000.0,0.0,2767002000.0,1640000.0,,3173498000.0,155636000.0,184304000.0,TPI - TRIUNFO PARTICIP. E INVEST. S.A.,tecnologia,243306000.0,3120222000.0
19348,335328000000.0,199589000000.0,0.0,0.0,47556000000.0,29468000000.0,36127000000.0,,2854475000000.0,23997000000.0,,,31834000000.0,7177000000.0,ITAU UNIBANCO HOLDING S.A.,financeiro,54733000000.0,-36127000000.0
19445,7878006000.0,4504365000.0,503064000.0,717294000.0,1994541000.0,214862000.0,642082000.0,104850000.0,15511789000.0,0.0,,12226338000.0,1493214000.0,801005000.0,CIA SANEAMENTO DE MINAS GERAIS-COPASA MG,utilities,2795546000.0,11584256000.0
19453,9872372000.0,5963464000.0,0.0,350366000.0,3522291000.0,,2337602000.0,0.0,29296082000.0,0.0,,57020524000.0,622852000.0,984810000.0,ECORODOVIAS INFRAESTRUTURA E LOGÍSTICA S.A.,tecnologia,4507101000.0,54682922000.0
19550,21271580000.0,7063276000.0,8609117000.0,2536438000.0,1595698000.0,,1741187000.0,2386616000.0,20315234000.0,0.0,,4778798000.0,3016637000.0,694050000.0,NATURA COSMÉTICOS S.A.,tecnologia,2289748000.0,3037611000.0
19569,19129573000.0,13384943000.0,1328724000.0,4903100000.0,-196648000.0,,2061443000.0,432250000.0,23986261000.0,0.0,,46034898000.0,2569963000.0,1891237000.0,GOL LINHAS AEREAS INTELIGENTES S.A.,outros,1694589000.0,43973455000.0
19615,2628580000.0,1387506000.0,618441000.0,111264000.0,557564000.0,,76109000.0,502517000.0,4500059000.0,311475000.0,,157763000.0,688454000.0,67480000.0,GRENDENE S.A.,outros,625044000.0,81654000.0
19623,15322079000.0,11128831000.0,0.0,3186724000.0,1093993000.0,,1742762000.0,465538000.0,26458471000.0,3900000.0,,20794018000.0,4281088000.0,1366818000.0,DIAGNOSTICOS DA AMERICA S.A.,tecnologia,2460811000.0,19051256000.0
19739,37271558000.0,28518696000.0,2155698000.0,791995000.0,5805169000.0,,3568636000.0,0.0,87243607000.0,0.0,,89533074000.0,2368964000.0,6109548000.0,LOCALIZA RENT A CAR S.A.,outros,11914717000.0,85964438000.0
19763,17447189000.0,12676243000.0,170654000.0,711608000.0,4323685000.0,,4217535000.0,310800000.0,38609789000.0,2614387000.0,,26266954000.0,550843000.0,757593000.0,EDP - ENERGIAS DO BRASIL S.A.,utilities,5081278000.0,22049419000.0
19771,6627303000.0,4800325000.0,0.0,255196000.0,797857000.0,781190000.0,2018567000.0,0.0,20909099000.0,19000.0,,28967306000.0,346553000.0,1410364000.0,ARTERIS S.A.,outros,2208221000.0,26948739000.0
19836,43950742000.0,30236061000.0,1575890000.0,2845282000.0,3504598000.0,,16903542000.0,2072905000.0,141265902000.0,38042529000.0,,139420605000.0,2677572000.0,7023983000.0,COSAN S.A.,outros,10528581000.0,122517063000.0
19879,14876283000.0,12548754000.0,0.0,922804000.0,1177061000.0,,185797000.0,80158000.0,25343661000.0,3698000.0,,19011686000.0,612372000.0,893938000.0,LIGHT S.A. - EM RECUPERAÇÃO JUDICIAL,outros,2070999000.0,18825889000.0
19909,1570387000.0,170519000.0,356168000.0,0.0,976417000.0,,16689000.0,0.0,20527438000.0,17803982000.0,,7131434000.0,167038000.0,96219000.0,BR MALLS PARTICIPACOES S.A.,tecnologia,1072636000.0,7114745000.0
19992,5224007000.0,1594149000.0,1135920000.0,593409000.0,877269000.0,59356000.0,1942162000.0,0.0,8531721000.0,321796000.0,,3241309000.0,2380010000.0,326269000.0,TOTVS S.A.,tecnologia,1203538000.0,1299147000.0
20010,45366675000.0,32309713000.0,1258105000.0,2174553000.0,8636463000.0,630522000.0,3306364000.0,150896000.0,116412091000.0,6787174000.0,,111654156000.0,1015132000.0,2185353000.0,EQUATORIAL S.A.,outros,10821816000.0,108347792000.0
20028,2171344000.0,1394290000.0,220823000.0,164621000.0,478209000.0,,569472000.0,274491000.0,2943849000.0,2074000.0,,1797648000.0,529711000.0,105141000.0,VALID SOLUÇÕES S.A.,outros,583350000.0,1228176000.0
20036,771126000.0,747019000.0,55064000.0,65534000.0,185807000.0,,170953000.0,233542000.0,3605082000.0,2734000.0,,1725936000.0,86896000.0,80175000.0,BRASILAGRO - CIA BRAS DE PROP AGRICOLAS,commodities,265982000.0,1554983000.0
20044,567639000.0,328250000.0,7540000.0,106593000.0,130657000.0,,96197000.0,3380000.0,696188000.0,31467000.0,,72218000.0,246809000.0,61708000.0,CSU DIGITAL S.A.,tecnologia,192365000.0,-23979000.0
20060,123127000.0,96748000.0,12796000.0,23995000.0,26519000.0,,3515000.0,26930000.0,508795000.0,19685000.0,122000.0,359402000.0,41275000.0,5498000.0,LUPATECH S.A,tecnologia,32017000.0,355887000.0
20087,35424174000.0,29041940000.0,1671416000.0,1074842000.0,3772121000.0,121576000.0,9678721000.0,18181138000.0,73219718000.0,270608000.0,,30850828000.0,3859357000.0,1331819000.0,EMBRAER S.A.,industria,5103940000.0,21172107000.0
20125,2281192000.0,1498142000.0,1431000.0,103201000.0,687233000.0,6367000.0,16531000.0,56000.0,2122069000.0,6121000.0,0.0,0.0,241976000.0,49793000.0,BRADSAÚDE S.A.,saude_educacao,737026000.0,-16531000.0
20257,3718138000.0,1245831000.0,0.0,273079000.0,2863363000.0,,750976000.0,0.0,20431093000.0,3592248000.0,,19598324000.0,223421000.0,24720000.0,TRANSMISSORA ALIANÇA DE ENERGIA ELÉTRICA S.A.,utilities,2888083000.0,18847348000.0
20320,6108966000.0,3458773000.0,3725000.0,171204000.0,5434338000.0,,233739000.0,0.0,17664336000.0,1423362000.0,,2063848000.0,438164000.0,333369000.0,CEMIG GERACAO E TRANSMISSAO S.A.,utilities,5767707000.0,1830109000.0
20338,9662833000.0,6336786000.0,1936590000.0,417007000.0,829349000.0,0.0,2152587000.0,1687637000.0,12768867000.0,86947000.0,252309000.0,4779378000.0,1373994000.0,368969000.0,M.DIAS BRANCO S.A. IND COM DE ALIMENTOS,outros,1198318000.0,2626791000.0
20346,10153623000.0,8630785000.0,922095000.0,302884000.0,299687000.0,,229552000.0,1820459000.0,5616238000.0,2039000.0,0.0,1599438000.0,530710000.0,169521000.0,PROFARMA DISTRIB PROD FARMACEUTICOS S.A.,tecnologia,469208000.0,1369886000.0
20362,3688326000.0,2764289000.0,436329000.0,220817000.0,309510000.0,,566929000.0,1096246000.0,4466987000.0,256770000.0,,2565648000.0,465613000.0,57417000.0,POSITIVO TECNOLOGIA S.A.,tecnologia,366927000.0,1998719000.0
20370,192348000.0,31404000.0,29745000.0,90060000.0,45197000.0,,52831000.0,0.0,409416000.0,18364000.0,,0.0,43647000.0,19439000.0,LPS BRASIL - CONSULTORIA DE IMOVEIS S.A.,outros,64636000.0,-52831000.0
20435,470626000.0,508914000.0,22773000.0,54855000.0,-107429000.0,,130821000.0,132402000.0,1339070000.0,535445000.0,,1356956000.0,29489000.0,7651000.0,TECNISA S.A.,construcao,-99778000.0,1226135000.0
20451,541312000.0,457453000.0,58865000.0,69840000.0,-50104000.0,,41626000.0,233292000.0,1613887000.0,34129000.0,,1163806000.0,20760000.0,6692000.0,RNI NEGÓCIOS IMOBILIÁRIOS S.A.,outros,-43412000.0,1122180000.0
20478,119955000.0,116915000.0,43955000.0,50809000.0,-153400000.0,,17439000.0,167147000.0,534650000.0,8775000.0,,410958000.0,32376000.0,555000.0,PDG REALTY S.A. EMPREEND E PARTICIPACOES,tecnologia,-152845000.0,393519000.0
20494,1064876000.0,378065000.0,0.0,139901000.0,608661000.0,,38535000.0,30169000.0,6466894000.0,4223270000.0,18389000.0,4700420000.0,142181000.0,170657000.0,IGUATEMI EMPRESA DE SHOPPING CENTERS S.A,outros,779318000.0,4661885000.0
20516,6891738000.0,5216291000.0,255455000.0,343266000.0,2531485000.0,,204560000.0,609479000.0,20371449000.0,54692000.0,,15948396000.0,1246980000.0,2348444000.0,SAO MARTINHO S.A.,tecnologia,4879929000.0,15743836000.0
20524,2157292000.0,1579582000.0,104467000.0,119379000.0,105115000.0,,18337000.0,2508750000.0,5178914000.0,72098000.0,,2353642000.0,99715000.0,4725000.0,EVEN CONSTRUTORA E INCORPORADORA S.A.,construcao,109840000.0,2335305000.0
20532,137183478000.0,80504918000.0,0.0,0.0,19190228000.0,0.0,37084254000.0,,1238796810000.0,32826797000.0,,0.0,10304959000.0,2731018000.0,BCO SANTANDER (BRASIL) S.A.,outros,21921246000.0,-37084254000.0
20540,3631444000.0,1302244000.0,204000.0,249688000.0,1761909000.0,204000.0,227864000.0,63767000.0,10763607000.0,103596000.0,,2043792000.0,128413000.0,522628000.0,CPFL ENERGIAS RENOVÁVEIS S.A.,utilities,2284537000.0,1815928000.0
20567,2804435000.0,2333900000.0,13319000.0,164869000.0,17297000.0,,2327961000.0,,26994482000.0,23944000.0,,,164870000.0,14746000.0,BCO PINE S.A,outros,32043000.0,-2327961000.0
20575,416952002000.0,354179035000.0,26116516000.0,12305265000.0,23783769000.0,,34761540000.0,31060507000.0,251936042000.0,237238000.0,189551000.0,239354642000.0,53385144000.0,11805260000.0,JBS S.A.,outros,35589029000.0,204593102000.0
20605,1607933000.0,689591000.0,0.0,379551000.0,1223763000.0,,1126004000.0,1599349000.0,13293747000.0,5656414000.0,,12822567000.0,310378000.0,73614000.0,JHSF PARTICIPACOES S.A.,tecnologia,1297377000.0,11696563000.0
20613,2189092000.0,1816379000.0,172773000.0,114149000.0,156029000.0,,166091000.0,371339000.0,1980185000.0,0.0,,1709656000.0,345574000.0,69863000.0,METALFRIO SOLUTIONS S.A.,tecnologia,225892000.0,1543565000.0
20630,2507000.0,880000.0,0.0,7555000.0,-354000.0,,217000.0,18159000.0,105314000.0,0.0,,23962000.0,2420000.0,355000.0,FICA EMPREENDIMENTOS IMOBILIÁRIOS S.A.,outros,1000.0,23745000.0
20702,112726000.0,79032000.0,3292000.0,27911000.0,-39242000.0,,19637000.0,43888000.0,278798000.0,3062000.0,82000.0,40787000.0,16673000.0,416000.0,VIVER INCORPORADORA E CONSTRUTORA S.A.,construcao,-38826000.0,21150000.0
20710,2795756000.0,2351613000.0,0.0,188559000.0,351452000.0,0.0,289792000.0,71112000.0,3812832000.0,0.0,,3378290000.0,495375000.0,278562000.0,LOG-IN LOGISTICA INTERMODAL S.A.,tecnologia,630014000.0,3088498000.0
20745,7803627000.0,5495901000.0,495108000.0,291238000.0,1513149000.0,,1979575000.0,3780562000.0,17574342000.0,63140000.0,,11196808000.0,770796000.0,286202000.0,SLC AGRICOLA S.A.,outros,1799351000.0,9217233000.0
20770,1560541000.0,1027729000.0,120117000.0,144542000.0,334391000.0,,71381000.0,1378328000.0,6466534000.0,514136000.0,,2272764000.0,104097000.0,29206000.0,EZ TEC EMPREEND. E PARTICIPACOES S.A.,tecnologia,363597000.0,2201383000.0
20788,148860959000.0,129170289000.0,11235367000.0,2218427000.0,5937271000.0,,4516687000.0,11482938000.0,137510139000.0,341637000.0,,127143462000.0,13689027000.0,7197504000.0,MARFRIG GLOBAL FOODS S.A.,outros,13134775000.0,122626775000.0
20796,13876329000.0,7999009000.0,1207328000.0,383664000.0,2741639000.0,1207328000.0,2352916000.0,,91666685000.0,1357000.0,,27572332000.0,1054547000.0,19260000.0,BCO DAYCOVAL S.A.,outros,2760899000.0,25219416000.0
20800,2090127000.0,1639086000.0,0.0,108451000.0,368693000.0,,241335000.0,263000.0,1329394000.0,61456000.0,,283069000.0,197630000.0,26146000.0,TEGMA GESTAO LOGISTICA S.A.,tecnologia,394839000.0,41734000.0
20818,28904000.0,0.0,0.0,45300000.0,5916000.0,,25752000.0,0.0,78823000.0,0.0,,7203000.0,23639000.0,800000.0,VIRGO COMPANHIA DE SECURITIZAÇÃO,tecnologia,6716000.0,-18549000.0
20877,1270376000.0,844229000.0,95767000.0,119345000.0,240003000.0,,226566000.0,1318413000.0,6697413000.0,1421339000.0,,3983356000.0,51705000.0,30753000.0,HELBOR EMPREENDIMENTOS S.A.,outros,270756000.0,3756790000.0
20915,9009035000.0,6633159000.0,797357000.0,678056000.0,433540000.0,,414563000.0,4923341000.0,29430687000.0,5617440000.0,,19561236000.0,1519355000.0,172616000.0,MRV ENGENHARIA E PARTICIPACOES S.A.,tecnologia,606156000.0,19146673000.0
20931,34068866000.0,27065603000.0,2781779000.0,1855394000.0,2427875000.0,,7550512000.0,4111385000.0,42141896000.0,256204000.0,72810000.0,65062928000.0,1681882000.0,668681000.0,MINERVA S.A.,commodities,3096556000.0,57512416000.0
20966,439368000.0,420643000.0,182570000.0,114333000.0,-380569000.0,,48273000.0,155758000.0,2310469000.0,1041726000.0,,2162138000.0,201231000.0,70382000.0,SPRINGS GLOBAL PARTICIPACOES S.A.,tecnologia,-310187000.0,2113865000.0
20982,2544789000.0,423378000.0,0.0,294994000.0,1709528000.0,,49603000.0,150409000.0,12511801000.0,8912030000.0,,10861864000.0,185216000.0,138510000.0,MULTIPLAN - EMPREEND IMOBILIARIOS S.A.,tecnologia,1848038000.0,10812261000.0
20990,14349000000.0,9722000000.0,3577000000.0,2137000000.0,650000000.0,,1129000000.0,1899000000.0,17465000000.0,30000000.0,,5280000000.0,1996000000.0,1010000000.0,AMERICANAS S.A. - EM RECUPERAÇÃO JUDICIAL,varejo,1660000000.0,4151000000.0
21008,180492000.0,58832000.0,0.0,67245000.0,-99775000.0,,144988000.0,0.0,1219757000.0,891579000.0,,4806638000.0,21729000.0,2137000.0,GENERAL SHOPPING E OUTLETS DO BRASIL BRASIL S.A.,outros,-97638000.0,4661650000.0
21016,5351785000.0,2086676000.0,1054972000.0,1342673000.0,917500000.0,,677472000.0,0.0,9938424000.0,444000.0,,9557061000.0,1334493000.0,824641000.0,YDUQS PARTICIPACOES S.A.,tecnologia,1742141000.0,8879589000.0
21032,2821787000.0,1881611000.0,647821000.0,238151000.0,132461000.0,,502049000.0,39056000.0,6297007000.0,2266000.0,,10678080000.0,630556000.0,847611000.0,ALGAR TELECOM S/A,utilities,980072000.0,10176031000.0
21040,1357743000.0,784472000.0,18065000.0,65750000.0,834637000.0,,268587000.0,463000.0,3148170000.0,1807438000.0,5187000.0,1638634000.0,47342000.0,79367000.0,SYN PROP & TECH S.A.,tecnologia,914004000.0,1370047000.0
21067,1570024000.0,1043410000.0,144378000.0,101506000.0,247949000.0,,331069000.0,541385000.0,4148169000.0,293888000.0,,1022824000.0,232870000.0,10527000.0,MOURA DUBEUX ENGENHARIA S/A,outros,258476000.0,691755000.0
21091,8234647000.0,5782747000.0,1225151000.0,320333000.0,936534000.0,,1231419000.0,1642016000.0,18144110000.0,2397035000.0,441489000.0,12959188000.0,1251653000.0,1221269000.0,DEXCO S.A.,outros,2157803000.0,11727769000.0
21130,1346694000.0,971908000.0,93128000.0,101335000.0,200316000.0,,449769000.0,996887000.0,3042594000.0,129772000.0,,1643436000.0,25594000.0,24739000.0,TRISUL S.A.,outros,225055000.0,1193667000.0
21148,3284401000.0,2392957000.0,285001000.0,240026000.0,295128000.0,,92687000.0,1255988000.0,5348937000.0,82783000.0,,2426124000.0,355090000.0,68595000.0,CONSTRUTORA TENDA S.A.,construcao,363723000.0,2333437000.0
21156,3104919000.0,2088958000.0,444828000.0,121053000.0,461215000.0,,362991000.0,270599000.0,2390348000.0,56722000.0,,1341698000.0,284592000.0,57438000.0,J. MACEDO S.A.,outros,518653000.0,978707000.0
21180,114309000.0,62497000.0,0.0,66615000.0,-27742000.0,,6363000.0,0.0,36561000.0,0.0,,3124000.0,32959000.0,15374000.0,NEXPE PARTICIPAÇÕES S.A,tecnologia,-12368000.0,-3239000.0
21199,13082537000.0,8173378000.0,0.0,941978000.0,342631000.0,,5749000.0,,64497705000.0,721062000.0,,,822597000.0,183520000.0,BCO PAN S.A.,outros,526151000.0,-5749000.0
21202,3874770000.0,3141585000.0,0.0,217260000.0,558537000.0,,9306000.0,73077000.0,5182731000.0,1561000.0,,7109986000.0,892876000.0,452685000.0,VIX LOGÍSTICA S.A.,tecnologia,1011222000.0,7100680000.0
21237,11387505000.0,7434022000.0,0.0,1068203000.0,2211909000.0,536000.0,3194255000.0,813508000.0,52770780000.0,7791000.0,,34718000000.0,681796000.0,1689626000.0,ENEVA S.A,outros,3901535000.0,31523745000.0
21334,200267000.0,163818000.0,12899000.0,10110000.0,18284000.0,,1991000.0,27632000.0,107024000.0,20000.0,,22116000.0,18450000.0,852000.0,NUTRIPLANT INDUSTRIA E COMERCIO S.A.,industria,19136000.0,20125000.0
21342,64419000.0,0.0,0.0,143583000.0,-978893000.0,,614000.0,0.0,1392267000.0,1009328000.0,,13442732000.0,5676000.0,13234000.0,OSX BRASIL S.A. - EM RECUPERAÇÃO JUDICIAL,outros,-965659000.0,13442118000.0
21350,3348470000.0,2130127000.0,289706000.0,210307000.0,754979000.0,,792054000.0,1643111000.0,10067406000.0,212504000.0,,3183006000.0,429013000.0,70067000.0,DIRECIONAL ENGENHARIA S.A.,construcao,825046000.0,2390952000.0
21393,31297000.0,14520000.0,0.0,32549000.0,15914000.0,,67000.0,59000.0,844625000.0,296686000.0,,26420000.0,21949000.0,1874000.0,CIA CELG DE PARTICIPACOES - CELGPAR,tecnologia,17788000.0,26353000.0
21431,7442466000.0,3061467000.0,2288299000.0,365464000.0,1819950000.0,,1739327000.0,1938600000.0,24559083000.0,144494000.0,,18760082000.0,1642082000.0,281055000.0,HYPERA S.A.,outros,2101005000.0,17020755000.0
21440,1111555000.0,408288000.0,490219000.0,171160000.0,43440000.0,,35290000.0,249099000.0,1656533000.0,0.0,,509657000.0,260067000.0,172691000.0,VESTE S.A. ESTILO,tecnologia,216131000.0,474367000.0
21466,1891374000.0,1119050000.0,0.0,0.0,500776000.0,0.0,336955000.0,,12276584000.0,1563000.0,,10621671000.0,44764000.0,1937000.0,BANCO RCI BRASIL S.A.,financeiro,502713000.0,10284716000.0
21490,4002104000.0,1094973000.0,0.0,178570000.0,2892636000.0,,807229000.0,9766000.0,30689036000.0,381722000.0,,25412697000.0,207099000.0,179650000.0,ALUPAR INVESTIMENTO S/A,tecnologia,3072286000.0,24605468000.0
21520,172205000.0,203727000.0,0.0,4883000.0,-27641000.0,,607270000.0,22186000.0,1991488000.0,3443000.0,,2935626000.0,10645000.0,76163000.0,MULTINER S/A,tecnologia,48522000.0,2328356000.0
21610,10572738000.0,1059270000.0,0.0,3395387000.0,6045902000.0,,1636275000.0,0.0,45228850000.0,648682000.0,1311998000.0,26457638000.0,1386263000.0,571749000.0,"B3 S.A. - BRASIL, BOLSA, BALCÃO",outros,6617651000.0,24821363000.0
21636,259226000.0,290104000.0,0.0,65108000.0,16816000.0,,144216000.0,0.0,3061346000.0,0.0,,2288380000.0,30235000.0,102225000.0,RENOVA ENERGIA S.A.,utilities,119041000.0,2144164000.0
21733,10295249000.0,5888284000.0,192022000.0,1959328000.0,2006952000.0,,1361042000.0,0.0,112647593000.0,0.0,,7604166000.0,1585959000.0,889509000.0,CIELO S.A. -  INSTITUIÇÃO DE PAGAMENTO,tecnologia,2896461000.0,6243124000.0
21881,7684659000.0,5541534000.0,170402000.0,757899000.0,1197720000.0,,21788000.0,155036000.0,13062410000.0,81910000.0,,9496633000.0,1686520000.0,779983000.0,FLEURY S.A.,outros,1977703000.0,9474845000.0
21903,9496782000.0,5690424000.0,0.0,237860000.0,3529201000.0,,2244959000.0,0.0,28552573000.0,0.0,,55245733000.0,496786000.0,957822000.0,ECORODOVIAS CONCESSÕES E SERVIÇOS S.A.,varejo,4487023000.0,53000774000.0
22012,1575405000.0,597695000.0,0.0,453279000.0,508091000.0,25382000.0,542463000.0,113195000.0,3869243000.0,0.0,,3696180000.0,293235000.0,233489000.0,"MILLS LOCAÇÃO, SERVIÇOS E LOGÍSTICA S.A.",tecnologia,741580000.0,3153717000.0
22020,9056258000.0,7502387000.0,0.0,505977000.0,1210459000.0,11052000.0,442823000.0,97192000.0,12480182000.0,0.0,,17111449000.0,2722535000.0,609035000.0,JSL S.A.,outros,1819494000.0,16668626000.0
22055,1392169000.0,708621000.0,446351000.0,176951000.0,-43532000.0,,92052000.0,260101000.0,1904258000.0,0.0,,762303000.0,239798000.0,166383000.0,MARISA LOJAS S.A.,varejo,122851000.0,670251000.0
22187,14360653000.0,7085876000.0,0.0,603173000.0,6945461000.0,,3993359000.0,1204744000.0,55746165000.0,0.0,,42318868000.0,224535000.0,2494296000.0,PRIO S.A.,outros,9439757000.0,38325509000.0
22349,8379753000.0,3914692000.0,2834836000.0,1048954000.0,383639000.0,,181160000.0,2218815000.0,15253545000.0,4060000.0,,5309462000.0,1309395000.0,414855000.0,AZZAS 2154 S.A.,outros,798494000.0,5128302000.0
22357,2739848000.0,718981000.0,0.0,704220000.0,1453104000.0,,47771000.0,0.0,27288790000.0,21325068000.0,,6645024000.0,324303000.0,618831000.0,ALLOS S.A.,outros,2071935000.0,6597253000.0
22454,165654000.0,144567000.0,2014000.0,46014000.0,-28822000.0,,111913000.0,1377000.0,410471000.0,0.0,,165246000.0,25235000.0,5559000.0,T4F ENTRETENIMENTO S.A.,outros,-23263000.0,53333000.0
22470,38038068000.0,26410812000.0,7131584000.0,2707003000.0,1562432000.0,,1827197000.0,7611132000.0,37311858000.0,971862000.0,,4582160000.0,3138622000.0,1333288000.0,MAGAZINE LUIZA S.A.,varejo,2895720000.0,2754963000.0
22497,1580459000.0,266321000.0,433035000.0,369148000.0,185348000.0,,322307000.0,0.0,4366325000.0,262000.0,,3745015000.0,268596000.0,399783000.0,QUALICORP CONSULTORIA E CORRETORA DE SEGUROS S.A.,financeiro,585131000.0,3422708000.0
22519,400280000.0,181429000.0,106680000.0,39405000.0,66764000.0,,119913000.0,142936000.0,724487000.0,0.0,,215526000.0,95439000.0,10576000.0,TECHNOS S.A.,tecnologia,77340000.0,95613000.0
22560,449802000.0,122707000.0,215236000.0,35407000.0,4120000.0,,3195000.0,153523000.0,1099940000.0,0.0,,1784544000.0,82890000.0,79855000.0,INBRANDS S.A.,outros,83975000.0,1781349000.0
22586,274999000.0,236570000.0,0.0,46499000.0,18356000.0,,19826000.0,304000.0,1289719000.0,0.0,,353020000.0,100161000.0,52459000.0,MLOG S.A.,outros,70815000.0,333194000.0
22608,12641825000.0,8615709000.0,3072840000.0,386182000.0,574272000.0,,149126000.0,3359412000.0,8983695000.0,80115000.0,,2832752000.0,1684517000.0,518128000.0,EMPREENDIMENTOS PAGUE MENOS S.A.,outros,1092400000.0,2683626000.0
22616,34660017000.0,21186133000.0,0.0,0.0,12823072000.0,3235997000.0,4709224000.0,,649216711000.0,10471109000.0,,,6505203000.0,653031000.0,BCO BTG PACTUAL S.A.,outros,13476103000.0,-4709224000.0
22675,1352406000.0,1345997000.0,1965000.0,302263000.0,-369475000.0,1965000.0,988450000.0,162438000.0,7166688000.0,135146000.0,,9923589000.0,303208000.0,418633000.0,HIDROVIAS DO BRASIL S.A.,varejo,49158000.0,8935139000.0
22691,8503476000.0,7110939000.0,323727000.0,201916000.0,866894000.0,,975088000.0,0.0,19156054000.0,0.0,0.0,1260998000.0,320303000.0,1665284000.0,COMPANHIA DE LOCAÇÃO DAS AMÉRICAS,outros,2532178000.0,285910000.0
22780,226559000.0,140178000.0,65978000.0,18305000.0,3573000.0,,10341000.0,26004000.0,366975000.0,20000.0,,172515000.0,51723000.0,14235000.0,UNICASA INDÚSTRIA DE MÓVEIS S.A.,outros,17808000.0,162174000.0
22810,6373370000.0,2796271000.0,636665000.0,471539000.0,2501103000.0,15426000.0,1181898000.0,843983000.0,16725068000.0,0.0,47177000.0,4296144000.0,611300000.0,782427000.0,ELDORADO BRASIL CELULOSE S.A.,commodities,3283530000.0,3114246000.0
23000,860589000.0,302961000.0,0.0,15267000.0,486106000.0,,80659000.0,7864000.0,3534491000.0,0.0,,4323760000.0,31262000.0,126061000.0,LIGHT ENERGIA S.A.,utilities,612167000.0,4243101000.0
23159,0.0,0.0,89665000.0,250551000.0,4695854000.0,,7789875000.0,0.0,21615587000.0,8826456000.0,,3642282000.0,77867000.0,1268000.0,BB SEGURIDADE PARTICIPAÇÕES S.A.,financeiro,4697122000.0,-4147593000.0
23175,2623120000.0,1739976000.0,0.0,415356000.0,615368000.0,,972657000.0,0.0,19236755000.0,0.0,,22680837000.0,242141000.0,363359000.0,IGUA SANEAMENTO S.A.,utilities,978727000.0,21708180000.0
23221,1981354000.0,887127000.0,151262000.0,640459000.0,238929000.0,,370728000.0,0.0,3456087000.0,0.0,,1928666000.0,600155000.0,222434000.0,SER EDUCACIONAL S.A.,saude_educacao,461363000.0,1557938000.0
23230,66908527000.0,60894188000.0,2376100000.0,1714984000.0,1933402000.0,,13902766000.0,4727273000.0,95357889000.0,754800000.0,,29904136000.0,3571189000.0,7753193000.0,RAIZEN ENERGIA S.A.,utilities,9686595000.0,16001370000.0
23248,3801379000.0,1449986000.0,290672000.0,1043300000.0,820099000.0,,99601000.0,0.0,9688873000.0,34878000.0,,9430858000.0,1136280000.0,481036000.0,ANIMA HOLDING S.A.,outros,1301135000.0,9331257000.0
23264,89452669000.0,43615080000.0,20191324000.0,6201074000.0,21805576000.0,,28595666000.0,11689767000.0,162507949000.0,395393000.0,,6905456000.0,7615343000.0,6745577000.0,AMBEV S.A.,outros,28551153000.0,-21690210000.0
23272,219742000.0,5334000.0,9820000.0,46506000.0,487940000.0,,226237000.0,197363000.0,6774201000.0,4530585000.0,,4132404000.0,83662000.0,5671000.0,LOG COMMERCIAL PROPERTIES E PARTICIPAÇÕES,tecnologia,493611000.0,3906167000.0
23280,6686149000.0,4840412000.0,292725000.0,321976000.0,1242138000.0,,3341794000.0,6080000.0,17087903000.0,0.0,,24111373000.0,490476000.0,1152879000.0,UNIDAS LOCAÇÕES E SERVIÇOS S.A.,outros,2395017000.0,20769579000.0
23302,255611112.0,0.0,0.0,31574337.0,36465408.0,,37601374.0,0.0,279567562.0,0.0,,162414292.0,165267560.0,3259669.0,QUALITY SOFTWARE S.A.,tecnologia,39725077.0,124812918.0
23310,1420763000.0,105947000.0,253824000.0,963863000.0,90815000.0,,400233000.0,0.0,3840648000.0,0.0,,1084642000.0,439444000.0,222503000.0,CVC BRASIL OPERADORA E AGÊNCIA DE VIAGENS S.A.,varejo,313318000.0,684409000.0
23396,14212394000.0,7241508000.0,0.0,1565176000.0,5807716000.0,,182644000.0,61905000.0,44331033000.0,1225125000.0,,49562606000.0,1221968000.0,949445000.0,AEGEA SANEAMENTO E PARTICIPAÇÕES S.A.,tecnologia,6757161000.0,49379962000.0
23426,3765867000.0,2557367000.0,0.0,147080000.0,1429926000.0,,1232089000.0,0.0,13344650000.0,53280000.0,,12654890000.0,68790000.0,509319000.0,SERENA GERAÇÃO S.A.,outros,1939245000.0,11422801000.0
23507,1024792000.0,507107000.0,275949000.0,64079000.0,186832000.0,,233957000.0,265432000.0,1384706000.0,0.0,,718708000.0,207810000.0,37683000.0,OUROFINO S.A.,outros,224515000.0,484751000.0
23531,48914896000.0,28490155000.0,8758843000.0,3695684000.0,9249211000.0,,932608000.0,554994000.0,103478630000.0,18663000.0,,20849340000.0,3934678000.0,12512379000.0,CLARO TELECOM PARTICIPAÇÕES S.A.,tecnologia,21761590000.0,19916732000.0
23574,2224984000.0,1494928000.0,606288000.0,228376000.0,30217000.0,5865000.0,217796000.0,60059000.0,2796869000.0,63548000.0,,997788000.0,603089000.0,252120000.0,INTERNATIONAL MEAL COMPANY ALIMENTACAO S.A.,tecnologia,282337000.0,779992000.0
23590,1257265000.0,467944000.0,0.0,157183000.0,552205000.0,,19161000.0,0.0,2445312000.0,231707000.0,,692412000.0,236769000.0,117381000.0,WIZ CO PARTICIPAÇÕES E CORRETAGEM DE SEGUROS S.A.,financeiro,669586000.0,673251000.0
23604,1139569000.0,975348000.0,54178000.0,84319000.0,62742000.0,,147426000.0,967901000.0,2050612000.0,45959000.0,,1979954000.0,39685000.0,2679000.0,YOU INC INCORPORADORA E PARTICIPAÇÕES S.A,tecnologia,65421000.0,1832528000.0
23620,1981051000.0,1446110000.0,0.0,174998000.0,299240000.0,,46640000.0,13713000.0,7497628000.0,0.0,,9656450000.0,639789000.0,617839000.0,CBO HOLDING S.A.,outros,917079000.0,9609810000.0
23795,0.0,0.0,0.0,126617000.0,4223023000.0,,435000.0,0.0,14024016000.0,12054547000.0,,0.0,84064000.0,17000.0,CAIXA SEGURIDADE PARTICIPAÇÕES S.A.,financeiro,4223040000.0,-435000.0
23817,581866000.0,370924000.0,0.0,126239000.0,89373000.0,,26052000.0,0.0,392006000.0,7162000.0,,12239000.0,436662000.0,12520000.0,BRQ SOLUCOES EM INFORMATICA S.A.,tecnologia,101893000.0,-13813000.0
23825,13481270000.0,9465403000.0,619817000.0,550740000.0,2620072000.0,72219000.0,677895000.0,0.0,30573857000.0,562000.0,,40333953000.0,555100000.0,2080489000.0,MOVIDA PARTICIPACOES SA,tecnologia,4700561000.0,39656058000.0
23957,12594000.0,63697000.0,4007000.0,23295000.0,-66593000.0,,11338000.0,38557000.0,466998000.0,0.0,,307020000.0,2039000.0,454000.0,SUGOI S.A.,utilities,-66139000.0,295682000.0
23981,382068000.0,127130000.0,0.0,109935000.0,150779000.0,,227402000.0,11173000.0,1194677000.0,0.0,,177987000.0,97361000.0,37682000.0,CTC - CENTRO DE TECNOLOGIA CANAVIEIRA S.A.,outros,188461000.0,-49415000.0
24058,1216992000.0,861335000.0,0.0,248597000.0,113009000.0,,114972000.0,11618000.0,2889222000.0,2721000.0,,1443426000.0,299735000.0,107838000.0,ALLIANÇA SAÚDE E PARTICIPAÇÕES S.A.,tecnologia,220847000.0,1328454000.0
24112,19526208000.0,14310434000.0,934145000.0,567457000.0,3390632000.0,,1210009000.0,943578000.0,26274943000.0,0.0,531649000.0,51590323000.0,2356772000.0,2563982000.0,AZUL S.A.,outros,5954614000.0,50380314000.0
24120,1084954000.0,57035000.0,0.0,36953000.0,985342000.0,,31861000.0,0.0,11084598000.0,2450662000.0,,6611112000.0,36300000.0,9181000.0,ARGO ENERGIA EMPREENDIMENTOS E PARTICIPAÇÕES S/A,tecnologia,994523000.0,6579251000.0
24171,115636000000.0,94461000000.0,0.0,16527000000.0,4271000000.0,,15207000000.0,12592000000.0,100188000000.0,580000000.0,,44828000000.0,5730000000.0,1834000000.0,ATACADÃO S.A.,outros,6105000000.0,29621000000.0
24180,0.0,5281243000.0,0.0,23535000.0,37167000.0,,18861000.0,37990000.0,16446866000.0,62101000.0,,7230804000.0,229483000.0,95880000.0,IRB - BRASIL RESSEGUROS S.A.,financeiro,133047000.0,7211943000.0
24228,11249647000.0,8973675000.0,1096006000.0,586185000.0,652098000.0,,2800256000.0,1919767000.0,10621358000.0,77165000.0,,11240328000.0,777236000.0,261947000.0,CAMIL ALIMENTOS S.A.,outros,914045000.0,8440072000.0
24236,1100583000.0,854084000.0,0.0,156653000.0,89846000.0,,232537000.0,5778000.0,1229162000.0,0.0,,952091000.0,581834000.0,48736000.0,PRINER SERVIÇOS INDUSTRIAIS S.A.,industria,138582000.0,719554000.0
24260,5580304000.0,3267414000.0,450965000.0,575312000.0,1263607000.0,,1490624000.0,0.0,18350302000.0,55411000.0,294143000.0,11829228000.0,924102000.0,1412269000.0,SMARTFIT ESCOLA DE GINÁSTICA E DANÇA S.A.,tecnologia,2675876000.0,10338604000.0
24279,462103000.0,323569000.0,32689000.0,36175000.0,75999000.0,,15049000.0,366715000.0,1292673000.0,84410000.0,,715130000.0,19964000.0,1783000.0,INC EMPREENDIMENTOS IMOBILIÁRIOS S.A.,outros,77782000.0,700081000.0
24295,172272000000.0,164031000000.0,2697000000.0,999000000.0,8769000000.0,,10480000000.0,6109000000.0,49000000000.0,3921000000.0,,41257000000.0,1188000000.0,554000000.0,VIBRA ENERGIA S/A,utilities,9323000000.0,30777000000.0
24317,4556360000.0,1597898000.0,2599536000.0,394558000.0,-35632000.0,,48259000.0,198030000.0,4677970000.0,0.0,,1298677000.0,926785000.0,483671000.0,ZAMP SA,outros,448039000.0,1250418000.0
24392,727536000.0,25613945000.0,332262000.0,2263655000.0,740991000.0,,596753000.0,366428000.0,73499646000.0,5796000.0,,25509382000.0,586138000.0,753113000.0,HAPVIDA PARTICIPAÇÕES E INVESTIMENTOS S.A.,tecnologia,1494104000.0,24912629000.0
24546,338466000.0,172623000.0,44499000.0,74721000.0,49553000.0,,64007000.0,93386000.0,298099000.0,2979000.0,,235682000.0,81039000.0,5620000.0,PRÁTICA PRODUTOS S.A.,tecnologia,55173000.0,171675000.0
24589,1589546000.0,638544000.0,0.0,72466000.0,878136000.0,,91492000.0,0.0,10451631000.0,0.0,,8365756000.0,41349000.0,2609000.0,ENERGISA TRANSMISSÃO DE ENERGIA S/A,utilities,880745000.0,8274264000.0
24597,154939000.0,45740000.0,0.0,9476000.0,99723000.0,325000.0,6913000.0,0.0,813631000.0,0.0,,713872000.0,16133000.0,0.0,CELEO REDES TRANSMISSÃO DE ENERGIA S.A.,utilities,99723000.0,706959000.0
24600,8743116000.0,4029407000.0,173042000.0,554734000.0,121921000.0,,1704903000.0,,48437791000.0,1636603000.0,,,477133000.0,150718000.0,BANCO BMG S/A,financeiro,272639000.0,-1704903000.0
24627,1754376000.0,1095626000.0,147005000.0,166764000.0,328797000.0,,33317000.0,606189000.0,3411729000.0,0.0,,1075926000.0,284622000.0,51761000.0,BLAU FARMACÊUTICA S.A.,tecnologia,380558000.0,1042609000.0
24660,1450437000.0,1509621000.0,39367000.0,99114000.0,-250831000.0,,25329000.0,4317000.0,1036364000.0,0.0,,927502000.0,378511000.0,137661000.0,BBM LOGÍSTICA S.A.,tecnologia,-113170000.0,902173000.0
24694,7151714000.0,3638589000.0,2230503000.0,688354000.0,612094000.0,,996713000.0,1665936000.0,8945967000.0,4350000.0,,4209678000.0,853750000.0,425976000.0,GRUPO SBF S.A.,outros,1038070000.0,3212965000.0
24716,4699312000.0,1693944000.0,0.0,260994000.0,2563041000.0,184612000.0,152938000.0,103894000.0,20277027000.0,0.0,,28897258000.0,241882000.0,752771000.0,"VAMOS LOCAÇÃO DE CAMINHÕES, MÁQUINAS E EQUIPAMENTOS S.A.",outros,3315812000.0,28744320000.0
24740,4521519000.0,2397681000.0,24227000.0,234275000.0,2265099000.0,,1682854000.0,39405000.0,30206897000.0,3411007000.0,,18614718000.0,400633000.0,833140000.0,COPEL GERAÇÃO E TRANSMISSÃO S.A.,utilities,3098239000.0,16931864000.0
24783,24089804000.0,8372597000.0,9968893000.0,3358347000.0,908071000.0,,2641683000.0,3378152000.0,37133423000.0,0.0,,13685370000.0,3606660000.0,968810000.0,NATURA &CO HOLDING S.A.,outros,1876881000.0,11043687000.0
24805,2577113417.0,767087486.0,946097059.0,257972375.0,683585305.0,,278153431.0,1332577733.0,4273730310.0,0.0,,797121408.0,547101596.0,154530015.0,VIVARA PARTICIPAÇÕES S.A.,tecnologia,838115320.0,518967977.0
24813,8117091000.0,5147915000.0,402334000.0,194946000.0,2371896000.0,,902349000.0,0.0,20802878000.0,0.0,,23274792000.0,491123000.0,1212138000.0,LOCALIZA FLEET S.A.,outros,3584034000.0,22372443000.0
24821,50571261000.0,41108709000.0,67868000.0,1958958000.0,7440430000.0,,6570751000.0,912877000.0,102597882000.0,2483556000.0,,38870599000.0,8482950000.0,1633536000.0,REDE D'OR SÃO LUIZ S.A.,outros,9073966000.0,32299848000.0
24830,4294721000.0,2406197000.0,0.0,779300000.0,1132768000.0,,64868000.0,41211000.0,19233623000.0,113511000.0,,27084584000.0,574728000.0,670581000.0,BRK AMBIENTAL PARTICIPAÇÕES S.A.,tecnologia,1803349000.0,27019716000.0
24848,7636539000.0,3459970000.0,2355001000.0,887313000.0,809245000.0,202442000.0,1403225000.0,1032231000.0,10053899000.0,0.0,,2996026000.0,1019973000.0,349127000.0,C&A MODAS S.A.,outros,1158372000.0,1592801000.0
24872,109594000.0,62883000.0,36189000.0,25340000.0,-7074000.0,,618000.0,58199000.0,283339000.0,0.0,,192864000.0,47377000.0,14395000.0,LIFEMED INDUSTRIAL DE EQUIP. E ART. MEDICOS E HOSP. S.A,saude_educacao,7321000.0,192246000.0
24880,4149626000.0,2764320000.0,0.0,146275000.0,1231606000.0,,2097849000.0,0.0,16906785000.0,0.0,41839000.0,23066120000.0,111620000.0,557857000.0,LM TRANSPORTES INTERESTADUAIS SERVIÇOS E COMÉRCIO S.A.,outros,1789463000.0,20968271000.0
24902,1179438000.0,898454000.0,69891000.0,122706000.0,85640000.0,,236730000.0,779923000.0,2200285000.0,34840000.0,,1253004000.0,72336000.0,26629000.0,MITRE REALTY EMPREENDIMENTOS E PARTICIPAÇÕES S.A.,tecnologia,112269000.0,1016274000.0
24910,1370032000.0,715020000.0,283852000.0,257444000.0,113807000.0,,447378000.0,0.0,4010622000.0,0.0,,74429000.0,476819000.0,130413000.0,LWSA S/A,outros,244220000.0,-372949000.0
24929,0.0,0.0,0.0,0.0,0.0,,0.0,0.0,0.0,0.0,0.0,0.0,0.0,0.0,TIM S.A.,tecnologia,0.0,0.0
24953,1584808000.0,1054069000.0,0.0,136800000.0,211005000.0,,217996000.0,0.0,2507306000.0,12925000.0,,2480331000.0,321987000.0,244674000.0,"ALLPARK EMPREENDIMENTOS, PARTICIPAÇÕES E SERVIÇOS S.A.",tecnologia,455679000.0,2262335000.0
24961,6413676000.0,5159314000.0,0.0,173732000.0,1172315000.0,,2293127000.0,161973000.0,14655272000.0,0.0,,17637660000.0,2012763000.0,622716000.0,AMBIPAR PARTICIPAÇÕES E EMPREENDIMENTOS S.A.,tecnologia,1795031000.0,15344533000.0
25003,41062901000.0,30487945000.0,0.0,3557869000.0,6704918000.0,360893000.0,1903850000.0,3200318000.0,84025791000.0,42475000.0,,112449785000.0,4530387000.0,3803442000.0,SIMPAR S.A.,outros,10508360000.0,110545935000.0
25038,2666330000.0,1738193000.0,581238000.0,267760000.0,105655000.0,,489905000.0,518113000.0,3702247000.0,3000.0,,1069044000.0,433468000.0,131277000.0,LOJAS QUERO QUERO S.A.,varejo,236932000.0,579139000.0
25046,2160645000.0,1499005000.0,0.0,595348000.0,63235000.0,0.0,57598000.0,280444000.0,1834454000.0,0.0,,77742000.0,248803000.0,117646000.0,D1000 VAREJO FARMA PARTICIPAÇÕES S.A.,tecnologia,180881000.0,20144000.0
25062,1549299000.0,1026210000.0,115190000.0,73484000.0,396963000.0,,106168000.0,950318000.0,3457891000.0,135678000.0,1731000.0,1308259000.0,34470000.0,1195000.0,LAVVI EMPREENDIMENTOS IMOBILIÁRIOS S.A.,outros,398158000.0,1202091000.0
25070,2589397000.0,1733018000.0,0.0,153959000.0,447731000.0,,733767000.0,0.0,2581180000.0,1756000.0,,1177580000.0,132736000.0,18805000.0,PLANO & PLANO DESENVOLVIMENTO IMOBILIÁRIO S.A.,outros,466536000.0,443813000.0
25089,3322608000.0,1763310000.0,1033141000.0,345965000.0,62989000.0,,76559000.0,473207000.0,3895459000.0,0.0,,934930000.0,454211000.0,342543000.0,PET CENTER COMÉRCIO E PARTICIPAÇÕES S.A.,tecnologia,405532000.0,858371000.0
25100,3926310000.0,2413370000.0,391872000.0,224429000.0,819680000.0,,975224000.0,808203000.0,4339295000.0,42244000.0,,1972764000.0,150737000.0,31129000.0,CURY CONSTRUTORA E INCORPORADORA S.A.,construcao,850809000.0,997540000.0
25119,1028992000.0,805517000.0,65639000.0,77403000.0,77520000.0,,5140000.0,0.0,2594695000.0,77658000.0,,720666000.0,53709000.0,4133000.0,MELNICK DESENVOLVIMENTO IMOBILIÁRIO S.A.,outros,81653000.0,715526000.0
25127,18383448000.0,14706965000.0,195472000.0,818420000.0,3669325000.0,,5271256000.0,252220000.0,34250119000.0,1277955000.0,,31020372000.0,320163000.0,1088610000.0,COMPASS GÁS E ENERGIA S.A.,utilities,4757935000.0,25749116000.0
25143,1692380000.0,1187238000.0,93476000.0,124629000.0,247526000.0,,346958000.0,226271000.0,1235901000.0,10115000.0,,342411000.0,105462000.0,6706000.0,PACAEMBU CONSTRUTORA S.A.,construcao,254232000.0,-4547000.0
25160,769016000.0,794183000.0,0.0,626994000.0,-1077810000.0,,21853000.0,0.0,1232156000.0,8866000.0,,2263150000.0,194303000.0,143527000.0,SEQUOIA LOGÍSTICA E TRANSPORTES S.A.,tecnologia,-934283000.0,2241297000.0
25186,32085428000.0,24825355000.0,0.0,5161274000.0,2090814000.0,,1664167000.0,6047328000.0,18959322000.0,43144000.0,,4537221000.0,2694988000.0,376746000.0,GRUPO MATEUS S.A.,outros,2467560000.0,2873054000.0
25194,753596000.0,361142000.0,66617000.0,253708000.0,94456000.0,,240056000.0,19000.0,2344002000.0,0.0,,2127678000.0,139961000.0,244325000.0,ALARES INTERNET PARTICIPAÇÕES S/A,tecnologia,338781000.0,1887622000.0
25208,831759000.0,361116000.0,162030000.0,148145000.0,164206000.0,,23410000.0,289396000.0,825166000.0,0.0,,151284000.0,156280000.0,16558000.0,TRACK & FIELD CO S.A.,outros,180764000.0,127874000.0
25224,535601000.0,403549000.0,0.0,182863000.0,-41464000.0,0.0,8363000.0,0.0,1820195000.0,0.0,,3223246000.0,36843000.0,32367000.0,2W ECOBANK S.A. - EM RECUPERAÇÃO JUDICIAL,financeiro,-9097000.0,3214883000.0
25232,365018000.0,390192000.0,0.0,0.0,-25174000.0,,37365000.0,0.0,486794000.0,2901000.0,,226000.0,66935000.0,11090000.0,MÉLIUZ S.A.,outros,-14084000.0,-37139000.0
25259,265221000.0,116668000.0,56890000.0,129828000.0,-34558000.0,,198800000.0,0.0,422174000.0,46866000.0,,0.0,56390000.0,36089000.0,ENJOEI S.A.,outros,1531000.0,-198800000.0
25275,678829000.0,415208000.0,27250000.0,52293000.0,145124000.0,,220103000.0,141256000.0,1364835000.0,20915000.0,,1245858000.0,34294000.0,1454000.0,ALPHAVILLE S.A.,outros,146578000.0,1025755000.0
25283,1516484000.0,1371353000.0,0.0,844204000.0,-741103000.0,,345841000.0,320352000.0,2367614000.0,0.0,,1556817000.0,249711000.0,103326000.0,AERIS IND. E COM. DE EQUIP. PARA GER. DE ENG. S.A.,outros,-637777000.0,1210976000.0
25291,8726361000.0,6397784000.0,0.0,645686000.0,2497268000.0,,3171958000.0,940407000.0,44463747000.0,1600000.0,,37888120000.0,347895000.0,1246206000.0,BRAVA ENERGIA S.A.,utilities,3743474000.0,34716162000.0
25305,1464532000.0,1166844000.0,114395000.0,86763000.0,103521000.0,,302281000.0,553337000.0,2569705000.0,32569000.0,,2471650000.0,59807000.0,28681000.0,PATRIMAR ENGENHARIA S.A.,outros,132202000.0,2169369000.0
25321,6097000.0,47381000.0,0.0,67741000.0,-104024000.0,,590000.0,4100000.0,1619809000.0,0.0,,1098500000.0,5663000.0,56459000.0,GRANBIO INVESTIMENTOS S.A.,tecnologia,-47565000.0,1097910000.0
25330,5521381000.0,4863900000.0,392091000.0,133794000.0,188839000.0,,427961000.0,684089000.0,3480239000.0,0.0,,1011456000.0,151106000.0,52899000.0,ALLIED TECNOLOGIA S.A.,outros,241738000.0,583495000.0
25348,5565261000.0,4663274000.0,284845000.0,449175000.0,181027000.0,,365516000.0,733841000.0,6839291000.0,0.0,,3294844000.0,283503000.0,173839000.0,ELFA MEDICAMENTOS S.A.,outros,354866000.0,2929328000.0
25380,49782000.0,24365000.0,9643000.0,20654000.0,-4495000.0,,4290000.0,222422000.0,1514064000.0,0.0,,314556000.0,13127000.0,0.0,EZ INC INCORPORAÇÕES S.A.,construcao,-4495000.0,310266000.0
25399,274098000.0,111790000.0,50598000.0,135903000.0,-40379000.0,,91238000.0,0.0,606878000.0,0.0,,26449000.0,180634000.0,56025000.0,NEOGRID PARTICIPAÇÕES S.A.,tecnologia,15646000.0,-64789000.0
25402,162982000.0,33003000.0,3095000.0,156196000.0,281927000.0,,27239000.0,0.0,5090774000.0,4404728000.0,,3577304000.0,26028000.0,4544000.0,HBR REALTY EMPREENDIMENTOS IMOBILIÁRIOS S.A.,outros,286471000.0,3550065000.0
25410,9516148000.0,6131633000.0,2192049000.0,640860000.0,571569000.0,,80261000.0,1958375000.0,8922504000.0,43523000.0,,4189728000.0,808860000.0,410301000.0,SBF COMÉRCIO DE PRODUTOS ESPORTIVOS S.A.,tecnologia,981870000.0,4109467000.0
25429,3011579000.0,2058371000.0,702694000.0,100322000.0,147153000.0,,127426000.0,433312000.0,1941091000.0,0.0,,1576068000.0,411583000.0,104613000.0,FARMÁCIA E DROGARIA NISSEI S.A.,outros,251766000.0,1448642000.0
25437,251596000.0,134667000.0,29625000.0,24221000.0,51773000.0,,1068000.0,354258000.0,1386013000.0,9089000.0,,769280000.0,42936000.0,1728000.0,URBA DESENVOLVIMENTO URBANO S.A.,outros,53501000.0,768212000.0
25445,1029771000.0,684634000.0,7885000.0,188039000.0,150049000.0,,224068000.0,0.0,2291655000.0,0.0,,1641478000.0,399514000.0,87988000.0,MPM CORPÓREOS S.A.,outros,238037000.0,1417410000.0
25453,4756146000.0,3293517000.0,644734000.0,259342000.0,544317000.0,,887969000.0,1772722000.0,5569521000.0,5849000.0,,1865246000.0,581272000.0,97834000.0,INTELBRAS S.A. IND. DE TELECOMUNICAÇÃO ELETRÔNICA BRASILEIRA,utilities,642151000.0,977277000.0
25461,811197000.0,436712000.0,326749000.0,114632000.0,-117951000.0,,23036000.0,272030000.0,2031024000.0,0.0,,715666000.0,111001000.0,104141000.0,GRUPO TOKY S.A. - EM RECUPERAÇÃO JUDICIAL,outros,-13810000.0,692630000.0
25496,1909528000.0,1376156000.0,138188000.0,143196000.0,374884000.0,,1049863000.0,224848000.0,6701940000.0,89652000.0,,6653232000.0,208815000.0,1026422000.0,JALLES MACHADO S.A.,outros,1401306000.0,5603369000.0
25500,1498065000.0,1153457000.0,0.0,226576000.0,120024000.0,,378610000.0,15740000.0,1627212000.0,2143000.0,,0.0,187137000.0,66625000.0,BEMOBI MOBILE TECH S.A.,tecnologia,186649000.0,-378610000.0
25526,2568352000.0,1317230000.0,0.0,812962000.0,469915000.0,172492000.0,555331000.0,0.0,4569487000.0,146000.0,,2046816000.0,819106000.0,254123000.0,CRUZEIRO DO SUL EDUCACIONAL S.A.,saude_educacao,724038000.0,1491485000.0
25534,1721058000.0,1259143000.0,0.0,190563000.0,279511000.0,0.0,515103000.0,5024000.0,3031483000.0,0.0,,3367277000.0,513659000.0,259952000.0,OCEANPACT SERVIÇOS MARITIMOS S.A.,tecnologia,539463000.0,2852174000.0
25542,2232796000.0,1371803000.0,402580000.0,80043000.0,174863000.0,,146112000.0,475880000.0,2815001000.0,0.0,,1446686000.0,275562000.0,191872000.0,CVLB BRASIL S.A EM RECUPERAÇÃO JUDICAL,outros,366735000.0,1300574000.0
25550,903473000.0,489926000.0,0.0,164183000.0,273118000.0,,493299000.0,0.0,3334198000.0,112801000.0,,1867298000.0,162100000.0,155967000.0,ORIZON VALORIZAÇÃO DE RESÍDUOS S.A.,outros,429085000.0,1373999000.0
25569,1187207000.0,595554000.0,52823000.0,228288000.0,286683000.0,,10447000.0,0.0,3060147000.0,0.0,,3979381000.0,280656000.0,122031000.0,ELETROMIDIA S.A.,utilities,408714000.0,3968934000.0
25585,16496317000.0,8025027000.0,3537738000.0,182052000.0,4967308000.0,,15185928000.0,777848000.0,36390919000.0,1774066000.0,,10128720000.0,840017000.0,1150018000.0,CSN MINERAÇÃO S.A.,commodities,6117326000.0,-5057208000.0
25640,3877643000.0,2940713000.0,0.0,207187000.0,709403000.0,,1909716000.0,0.0,20007402000.0,106817000.0,66442000.0,22448456000.0,225010000.0,805748000.0,AUREN PARTICIPAÇÕES S.A.,tecnologia,1515151000.0,20538740000.0
25658,4612367000.0,4674048000.0,1196547000.0,387635000.0,-1974231000.0,,475482000.0,223818000.0,3638761000.0,3346000.0,,2985133000.0,275905000.0,160983000.0,AGROGALAXY PARTICIPAÇÕES S.A. - EM RECUPERAÇÃO JUDICIAL,tecnologia,-1813248000.0,2509651000.0
25674,1171317000.0,710686000.0,0.0,174594000.0,572198000.0,,361914000.0,89459000.0,5193841000.0,0.0,,4297632000.0,262638000.0,281217000.0,HMOBI PARTICIPAÇÕES S.A.,tecnologia,853415000.0,3935718000.0
25682,11583371000.0,10277418000.0,484050000.0,989334000.0,-862987000.0,,543666000.0,1719147000.0,9544197000.0,1184000.0,,7744808000.0,470588000.0,311127000.0,CM HOSPITALAR S.A,saude_educacao,-551860000.0,7201142000.0
25690,2226001000.0,1555404000.0,0.0,298709000.0,-335847000.0,,622581000.0,49757000.0,4340852000.0,14332000.0,,2845842000.0,540525000.0,109041000.0,HOSPITAL MATER DEI S.A.,saude_educacao,-226806000.0,2223261000.0
25704,1841052000.0,1617430000.0,44003000.0,44826000.0,145119000.0,,238527000.0,227243000.0,2666602000.0,1781000.0,,828014000.0,94337000.0,30656000.0,BOA SAFRA SEMENTES S.A.,outros,175775000.0,589487000.0
25712,14774369000.0,12538016000.0,0.0,1091047000.0,1278736000.0,,1468264000.0,110546000.0,14370413000.0,0.0,,10414584000.0,8428296000.0,394993000.0,GPS PARTICIPAÇÕES E EMPREENDIMENTOS S.A.,tecnologia,1673729000.0,8946320000.0
25720,195994000.0,205751000.0,0.0,47898000.0,-188875000.0,,6117000.0,0.0,1966733000.0,0.0,,4159842000.0,0.0,99088000.0,RIO ALTO ENERGIAS RENOVÁVEIS S.A.,utilities,-89787000.0,4153725000.0
25747,1065320000.0,756279000.0,72737000.0,1807314000.0,-1586887000.0,,104731000.0,0.0,1517558000.0,0.0,,1960856000.0,291016000.0,129492000.0,INFRACOMMERCE CXAAS S.A.,commodities,-1457395000.0,1856125000.0
25763,786619000.0,520828000.0,79735000.0,100319000.0,88243000.0,,54473000.0,161284000.0,953178000.0,256000.0,,432676000.0,134895000.0,21907000.0,VITTIA S.A.,tecnologia,110150000.0,378203000.0
25771,2097792000.0,1787139000.0,12182000.0,127214000.0,137338000.0,,266052000.0,52167000.0,2798383000.0,2817000.0,,2519497000.0,490456000.0,101623000.0,HOSPITAL CARE CALEDONIA S.A.,saude_educacao,238961000.0,2253445000.0
25780,3264554000.0,2072805000.0,0.0,208715000.0,948220000.0,,295548000.0,9766000.0,7437571000.0,0.0,,3584642000.0,387212000.0,694816000.0,PETRORECÔNCAVO S.A.,commodities,1643036000.0,3289094000.0
25798,1254533000.0,1016115000.0,57808000.0,110209000.0,102904000.0,,183902000.0,0.0,1916393000.0,98256000.0,,1333510000.0,52372000.0,3726000.0,KALLAS INCORPORAÇÕES E CONSTRUÇÕES S.A.,construcao,106630000.0,1149608000.0
25801,5427362000.0,4031800000.0,375460000.0,629872000.0,357925000.0,101563000.0,500277000.0,822708000.0,7321301000.0,31803000.0,,178356000.0,310772000.0,87140000.0,RODOBENS SA,outros,445065000.0,-321921000.0
25836,154016000.0,27226000.0,0.0,126778000.0,-7044000.0,,6418000.0,0.0,194574000.0,0.0,,138926000.0,72388000.0,29566000.0,DOTZ S.A.,outros,22522000.0,132508000.0
25844,1294214000.0,1020850000.0,125509000.0,137837000.0,42454000.0,,319829000.0,1957126000.0,4363208000.0,501340000.0,,1480972000.0,141134000.0,8992000.0,TEGRA INCORPORADORA S.A.,construcao,51446000.0,1161143000.0
25852,792763000.0,419912000.0,187032000.0,145554000.0,41028000.0,,58702000.0,148093000.0,772159000.0,0.0,0.0,367370000.0,60328000.0,41135000.0,W2W E-COMMERCE DE VINHOS S.A.,outros,82163000.0,308668000.0
25860,364822000.0,0.0,0.0,340891000.0,23033000.0,,575235000.0,0.0,15056487000.0,0.0,,27358461000.0,118830000.0,7509000.0,BRBI BR PARTNERS S.A,outros,30542000.0,26783226000.0
25879,2268230000.0,1813952000.0,0.0,188673000.0,266594000.0,,252681000.0,75914000.0,4777870000.0,7522000.0,0.0,5170519000.0,608275000.0,170727000.0,KORA SAÚDE PARTICIPAÇÕES S.A.,tecnologia,437321000.0,4917838000.0
25887,60084000.0,9106000.0,25066000.0,50454000.0,-37091000.0,,2216000.0,0.0,1115380000.0,27600000.0,,631000.0,26427000.0,4358000.0,ARANDU INVESTIMENTOS S.A.,tecnologia,-32733000.0,-1585000.0
25895,837881000.0,621682000.0,0.0,20131000.0,59349000.0,,102030000.0,169601000.0,1455435000.0,0.0,,580037000.0,56132000.0,198449000.0,LIVETECH DA BAHIA INDÚSTRIA E COMÉRCIO S.A.,tecnologia,257798000.0,478007000.0
25909,904674000.0,661914000.0,54141000.0,97646000.0,97558000.0,,116142000.0,0.0,828875000.0,57000.0,,218992000.0,181304000.0,9366000.0,EMCCAMP RESIDENCIAL S.A.,outros,106924000.0,102850000.0
25917,220454239000.0,204730642000.0,6109524000.0,2882872000.0,7926627000.0,,14819906000.0,11680227000.0,128183310000.0,1317517000.0,,82764578000.0,5028870000.0,9205235000.0,RAÍZEN S.A.,outros,17131862000.0,67944672000.0
25925,176858000.0,51427000.0,39166000.0,59424000.0,-10775000.0,,143893000.0,0.0,321389000.0,0.0,42879000.0,9215000.0,107722000.0,20603000.0,BIONEXO S.A.,outros,9828000.0,-134678000.0
25933,2191955000.0,2032905000.0,0.0,18650000.0,140400000.0,,187310000.0,97886000.0,983320000.0,374484000.0,,507920000.0,13603000.0,19559000.0,HUMBERG AGRIBRASIL COMÉRCIO E EXPORTAÇÃO DE GRÃOS S.A.,outros,159959000.0,320610000.0
25950,12825771000.0,10294268000.0,1183262000.0,106824000.0,1245298000.0,,1696858000.0,1920988000.0,8889423000.0,5179000.0,,4133758000.0,328554000.0,95363000.0,TRÊS TENTOS AGROINDUSTRIAL S/A,industria,1340661000.0,2436900000.0
25976,247624000.0,232039000.0,0.0,25332000.0,-16471000.0,,24918000.0,254560000.0,599457000.0,99718000.0,,361338000.0,11470000.0,1624000.0,YUNY INCORPORADORA HOLDING S.A.,construcao,-14847000.0,336420000.0
25984,8173649000.0,7314060000.0,42751000.0,427897000.0,659768000.0,,1141965000.0,2162597000.0,13833020000.0,237791000.0,,9442482000.0,906203000.0,643335000.0,COMPANHIA BRASILEIRA DE ALUMÍNIO,outros,1303103000.0,8300517000.0
25992,3277374000.0,2636245000.0,0.0,276648000.0,424464000.0,,1048706000.0,276447000.0,5651917000.0,167000.0,,10947436000.0,324922000.0,366666000.0,INTERCEMENT BRASIL S.A. - EM RECUPERAÇÃO JUDICIAL,outros,791130000.0,9898730000.0
26000,68332000.0,4753000.0,0.0,31865000.0,20426000.0,,8832000.0,0.0,942768000.0,793361000.0,,99296000.0,12445000.0,3400000.0,TERRA SANTA PROPRIEDADES AGRÍCOLAS S.A.,outros,23826000.0,90464000.0
26026,1128842000.0,426862000.0,174653000.0,187627000.0,358214000.0,,290953000.0,0.0,3510912000.0,0.0,,2694678000.0,231529000.0,214980000.0,DESKTOP S.A.,outros,573194000.0,2403725000.0
26034,3388498000.0,2602218000.0,835966000.0,131311000.0,-20506000.0,,744553000.0,1497297000.0,5308700000.0,207898000.0,,1295606000.0,430390000.0,61880000.0,GRUPO MULTILASER S.A.,tecnologia,41374000.0,551053000.0
26050,1025379000.0,504861000.0,105528000.0,164827000.0,259834000.0,,447756000.0,13539000.0,2282619000.0,15578000.0,69772000.0,1098674000.0,250916000.0,240097000.0,UNIFIQUE TELECOMUNICAÇÕES S.A.,utilities,499931000.0,650918000.0
26069,1765969000.0,1051348000.0,0.0,191568000.0,523053000.0,,210912000.0,76060000.0,4637353000.0,0.0,,4869408000.0,696602000.0,203479000.0,"ARMAC LOCAÇÃO, LOGÍSTICA E SERVIÇOS S.A.",tecnologia,726532000.0,4658496000.0
26077,44015000.0,30658000.0,7101000.0,57944000.0,-88266000.0,,33112000.0,0.0,216781000.0,52013000.0,,2610000.0,23581000.0,12062000.0,ECONOMATICA S.A.,tecnologia,-76204000.0,-30502000.0
26093,474576000.0,312470000.0,0.0,235900000.0,-74817000.0,,357630000.0,0.0,869503000.0,0.0,,6801000.0,308877000.0,46944000.0,CLEAR SALE S.A.,outros,-27873000.0,-350829000.0
26123,6227227000.0,4166809000.0,0.0,1396764000.0,-119947000.0,,550744000.0,225235000.0,11202332000.0,42960000.0,,10395606000.0,792267000.0,326379000.0,ONCOCLÍNICAS DO BRASIL SERVIÇOS MÉDICOS S.A.,outros,206432000.0,9844862000.0
26158,332275000.0,117485000.0,0.0,12328000.0,202462000.0,,63882000.0,2767000.0,880004000.0,0.0,,1157478000.0,9838000.0,38179000.0,ESSENTIA PCHS S.A.,tecnologia,240641000.0,1093596000.0
26166,2903190000.0,1708565000.0,750160000.0,195385000.0,217810000.0,,241419000.0,195095000.0,2444107000.0,391513000.0,,2397690000.0,423245000.0,133690000.0,GRUPO FARTURA DE HORTIFRUT S.A.,tecnologia,351500000.0,2156271000.0
26174,3438492000.0,2654305000.0,0.0,161921000.0,482254000.0,,1178754000.0,0.0,11078243000.0,1384708000.0,53558000.0,15775575000.0,202816000.0,516675000.0,AUREN OPERAÇÕES S.A.,outros,998929000.0,14596821000.0
26190,7272804000.0,6047383000.0,276779000.0,247410000.0,697752000.0,,2536096000.0,973788000.0,7220957000.0,114693000.0,,7536506000.0,304675000.0,91172000.0,CARAMURU ALIMENTOS S.A.,outros,788924000.0,5000410000.0
26204,405265000.0,216034000.0,0.0,65525000.0,104877000.0,,238788000.0,0.0,1286617000.0,0.0,,99900000.0,93690000.0,57935000.0,BLUEFIT ACADEMIAS DE GINÁSTICA E PARTICIPAÇÕES S.A.,tecnologia,162812000.0,-138888000.0
26247,2925895000.0,1541682000.0,21161000.0,501835000.0,939912000.0,,492387000.0,115116000.0,6705539000.0,606571000.0,20959000.0,4527543000.0,665136000.0,395884000.0,WILSON SONS S.A.,outros,1335796000.0,4035156000.0
26255,4823208000.0,2965310000.0,1016654000.0,559560000.0,398546000.0,,150959000.0,967950000.0,5117891000.0,128121000.0,,2049284000.0,706330000.0,180472000.0,TIGRE S.A. PARTICIPAÇÕES,tecnologia,579018000.0,1898325000.0
26271,3108856000.0,2352283000.0,0.0,141441000.0,670909000.0,,607286000.0,115656000.0,8713789000.0,0.0,,4005776000.0,759669000.0,301893000.0,ENVIRONMENTAL ESG PARTICIPAÇÕES S.A.,tecnologia,972802000.0,3398490000.0
26280,4413714000.0,3674978000.0,0.0,369474000.0,142130000.0,,829006000.0,3638000.0,14917327000.0,862004000.0,,14399486000.0,215473000.0,367518000.0,COMERC ENERGIA S.A.,utilities,509648000.0,13570480000.0
26301,3148937000.0,3277690000.0,33574000.0,166333000.0,-90893000.0,,182160000.0,647234000.0,4941406000.0,0.0,16316000.0,12132220000.0,243598000.0,191488000.0,UNIGEL PARTICIPAÇÕES S.A.,tecnologia,100595000.0,11950060000.0
26328,430678000.0,253457000.0,0.0,73526000.0,111397000.0,,191835000.0,0.0,1819016000.0,7544000.0,,3110272000.0,67518000.0,77957000.0,AUSTRAVIAS S.A.,varejo,189354000.0,2918437000.0
26352,1336565000.0,600583000.0,0.0,30611000.0,705371000.0,,205775000.0,0.0,4666712000.0,0.0,,8008986000.0,50203000.0,206816000.0,RODOVIAS DO BRASIL HOLDING S.A.,varejo,912187000.0,7803211000.0
26379,2045616000.0,579692000.0,856097000.0,205424000.0,400904000.0,,379522000.0,101148000.0,2801441000.0,0.0,,1951025000.0,657627000.0,202763000.0,MADERO INDÚSTRIA E COMÉRCIO S.A.,outros,603667000.0,1571503000.0
26395,277830000.0,15553000.0,0.0,35979000.0,413584000.0,,125608000.0,0.0,4757767000.0,4457225000.0,,2407786000.0,11561000.0,2745000.0,ALMEIDA JUNIOR SHOPPING CENTERS S.A.,outros,416329000.0,2282178000.0
26409,1660862000.0,641221000.0,215320000.0,459897000.0,353979000.0,,917486000.0,0.0,7330274000.0,0.0,,6350017000.0,195074000.0,462967000.0,VERO S.A.,outros,816946000.0,5432531000.0
26417,295530000.0,0.0,0.0,0.0,121622000.0,4079000.0,175976000.0,0.0,466685000.0,6000.0,,0.0,103313000.0,4239000.0,OLIVEIRA TRUST S.A.,outros,125861000.0,-175976000.0
26441,4037553000.0,2739425000.0,0.0,204045000.0,1549436000.0,,1427974000.0,0.0,20161754000.0,57925000.0,,23839897000.0,97829000.0,754049000.0,SERENA ENERGIA S.A.,utilities,2303485000.0,22411923000.0
26468,544840000.0,438081000.0,0.0,44512000.0,50787000.0,,31255000.0,17801000.0,2045973000.0,11175000.0,,90870000.0,116686000.0,68938000.0,HOSPITAL ANCHIETA S.A.,saude_educacao,119725000.0,59615000.0
26476,202515000.0,103354000.0,142457000.0,45669000.0,-91685000.0,,3180000.0,46130000.0,413724000.0,11127000.0,,387948000.0,59466000.0,24087000.0,AMMO VAREJO S.A.,varejo,-67598000.0,384768000.0
26506,1546501000.0,1063085000.0,221709000.0,88094000.0,173124000.0,4479000.0,306611000.0,357049000.0,1698091000.0,142000.0,,229961000.0,431081000.0,50701000.0,LUPO S.A.,outros,223825000.0,-76650000.0
26514,99048000.0,81521000.0,0.0,16490000.0,1385000.0,,66772000.0,3431000.0,512658000.0,0.0,,566126000.0,7731000.0,34836000.0,ASA BRANCA HOLDING S.A.,outros,36221000.0,499354000.0
26522,2574423000.0,2234724000.0,158181000.0,67229000.0,208723000.0,,1692363000.0,619298000.0,7035068000.0,0.0,,6955172000.0,214843000.0,326696000.0,CERRADINHO BIOENERGIA S.A.,utilities,535419000.0,5262809000.0
26565,937565000.0,622177000.0,0.0,22271000.0,293087000.0,,186038000.0,0.0,5553337000.0,0.0,,8506720000.0,31150000.0,84443000.0,HOLDING DO ARAGUAIA S.A.,outros,377530000.0,8320682000.0
26590,708431000.0,263768000.0,0.0,91705000.0,353374000.0,,743232000.0,30037000.0,1891876000.0,0.0,,2267641000.0,14942000.0,59410000.0,AURA ALMAS MINERAÇÃO S.A.,commodities,412784000.0,1524409000.0
26603,674538000.0,407402000.0,0.0,180326000.0,95565000.0,,273672000.0,31745000.0,1175054000.0,0.0,,1555803000.0,169241000.0,51054000.0,GSH CORP PARTICIPAÇÕES S.A.,tecnologia,146619000.0,1282131000.0
26620,8059951000.0,6630948000.0,0.0,454065000.0,1291665000.0,,7200549000.0,0.0,52754117000.0,2261558000.0,,54260035000.0,249549000.0,637363000.0,AUREN ENERGIA S.A.,utilities,1929028000.0,47059486000.0
26646,2600558000.0,1602801000.0,352426000.0,358776000.0,307216000.0,,456459000.0,869717000.0,2990267000.0,16000000.0,,2468916000.0,180519000.0,43330000.0,CANTU STORE S.A.,outros,350546000.0,2012457000.0
26697,224742000.0,115053000.0,0.0,4641000.0,98962000.0,,9326000.0,0.0,1368384000.0,0.0,,1816196000.0,9502000.0,46068000.0,FOZ DO RIO CLARO ENERGIA S.A.,utilities,145030000.0,1806870000.0
26700,10973515000.0,3761387000.0,4068399000.0,1780573000.0,1398427000.0,,177210000.0,2290917000.0,18265951000.0,139916000.0,,19219276000.0,3117614000.0,459280000.0,EUROFARMA LABORATÓRIOS S.A.,saude_educacao,1857707000.0,19042066000.0
26760,5014989000.0,3868233000.0,510690000.0,279440000.0,412914000.0,,99848000.0,814296000.0,2920928000.0,0.0,,907518000.0,233477000.0,43700000.0,TECIDOS E ARMARINHOS MIGUEL BARTOLOMEU S.A.,outros,456614000.0,807670000.0
26786,975958000.0,325426000.0,147064000.0,121712000.0,230549000.0,,278242000.0,469000.0,874409000.0,2970000.0,,33194000.0,460422000.0,45480000.0,SENIOR SISTEMAS S.A.,outros,276029000.0,-245048000.0
26832,157508000.0,98200000.0,0.0,19260000.0,38342000.0,,4581000.0,0.0,1122286000.0,0.0,,1376263000.0,627000.0,28856000.0,ANEMUS WIND HOLDING S.A.,outros,67198000.0,1371682000.0
26867,4212685000.0,2233232000.0,670648000.0,874557000.0,712952000.0,,621907000.0,1038063000.0,5786233000.0,105357000.0,,2610925000.0,1128001000.0,138671000.0,UNIÃO QUÍMICA FARMACÊUTICA NACIONAL S.A.,tecnologia,851623000.0,1989018000.0
26891,697658000.0,174259000.0,0.0,2295000.0,501293000.0,,113229000.0,0.0,3559950000.0,0.0,,3160272000.0,28734000.0,85737000.0,ELETRORIVER S.A.,utilities,587030000.0,3047043000.0
26956,1103636000.0,877314000.0,0.0,102286000.0,78944000.0,,203778000.0,39403000.0,5284218000.0,0.0,,10270176000.0,421765000.0,123064000.0,OCEÂNICA ENGENHARIA E CONSULTORIA S.A.,outros,202008000.0,10066398000.0
26980,2659257000.0,1722572000.0,275330000.0,263412000.0,416561000.0,,521165000.0,717821000.0,3074555000.0,26172000.0,,2927796000.0,379308000.0,72006000.0,BORRACHAS VIPAL S.A.,outros,488567000.0,2406631000.0
27006,126053000.0,122320000.0,0.0,24735000.0,-138946000.0,,3835000.0,0.0,1352223000.0,0.0,,1663106000.0,7122000.0,45862000.0,RIO ALTO STL HOLDING I S.A.,outros,-93084000.0,1659271000.0
27014,11511909000.0,6984899000.0,2265445000.0,646312000.0,2049616000.0,,891945000.0,1062021000.0,11122604000.0,176872000.0,,2691269000.0,1266266000.0,643684000.0,SOLAR BEBIDAS S.A.,outros,2693300000.0,1799324000.0
27022,7750616000.0,5492852000.0,66656000.0,887735000.0,1322387000.0,,5705970000.0,224772000.0,35304077000.0,0.0,,11563936000.0,442819000.0,2942657000.0,V. TAL - REDE NEUTRA DE TELECOMUNICAÇÕES S.A.,utilities,4265044000.0,5857966000.0
27049,754653000.0,460165000.0,0.0,137152000.0,179910000.0,,50165000.0,0.0,2710166000.0,112801000.0,,2608788000.0,171810000.0,143911000.0,ORIZON MEIO AMBIENTE S.A.,outros,323821000.0,2558623000.0
27057,2141809000.0,746646000.0,397720000.0,259707000.0,447730000.0,,21553000.0,0.0,5825334000.0,0.0,,4701164000.0,534636000.0,216203000.0,VITRU EDUCAÇÃO S.A.,saude_educacao,663933000.0,4679611000.0
27073,2683194000.0,1790816000.0,15338000.0,260875000.0,706063000.0,,518983000.0,91942000.0,6838993000.0,228224000.0,,4810734000.0,696609000.0,224710000.0,SOLVI ESSENCIS AMBIENTAL S.A.,outros,930773000.0,4291751000.0
27090,25447930000.0,11893115000.0,5908816000.0,1799873000.0,5504713000.0,,3271892000.0,293529000.0,56806943000.0,1368286000.0,2336003000.0,15000432000.0,1241282000.0,7026035000.0,TIM BRASIL SERVIÇOS E PARTICIPAÇÕES S.A.,tecnologia,12530748000.0,11728540000.0
27103,5836281000.0,1998029000.0,0.0,121000000.0,3840566000.0,2728000.0,2742164000.0,0.0,33522561000.0,1691435000.0,,6113574000.0,260423000.0,673488000.0,CHINA THREE GORGES BRASIL ENERGIA S.A.,utilities,4514054000.0,3371410000.0
27111,7091220000.0,6570808000.0,3861000.0,1082409000.0,886586000.0,3861000.0,462523000.0,,79617208000.0,133307000.0,,0.0,412504000.0,8362000.0,XP INVESTIMENTOS S.A.,tecnologia,894948000.0,-462523000.0
27154,275850000.0,188019000.0,0.0,11611000.0,10944000.0,,699549000.0,3719000.0,3311605000.0,146932000.0,,3833340000.0,41518000.0,4452000.0,COMPANHIA ESTADUAL DE GERAÇÃO DE ENERGIA ELÉTRICA - CEEE-G,utilities,15396000.0,3133791000.0
27162,4177442000.0,3247179000.0,276762000.0,197366000.0,457906000.0,,1486618000.0,0.0,8147544000.0,0.0,,9088491000.0,236279000.0,590838000.0,UNIDAS LOCADORA S.A.,outros,1048744000.0,7601873000.0
27189,26564574000.0,20693413000.0,1012808000.0,1508808000.0,2827087000.0,,4070984000.0,4100377000.0,51329750000.0,1847060000.0,,29012588000.0,3777428000.0,2362417000.0,VOTORANTIM CIMENTOS S.A.,tecnologia,5189504000.0,24941604000.0
27197,247074000.0,186335000.0,8782000.0,55589000.0,-22754000.0,,9486000.0,12910000.0,583990000.0,0.0,,940847000.0,6950000.0,35070000.0,TURBI COMPARTILHAMENTO DE VEÍCULOS S.A.,tecnologia,12316000.0,931361000.0
27219,2059397000.0,1437586000.0,199414000.0,58647000.0,401234000.0,,178039000.0,119951000.0,2465342000.0,0.0,,2210097000.0,136311000.0,294453000.0,GRANJA FARIA S.A.,outros,695687000.0,2032058000.0
27227,1484842000.0,908362000.0,0.0,220366000.0,353311000.0,,794909000.0,129670000.0,5115549000.0,0.0,,7070277000.0,216039000.0,128452000.0,ORIGEM ENERGIA S.A.,utilities,481763000.0,6275368000.0
27243,745598000.0,299863000.0,0.0,94554000.0,242156000.0,,0.0,0.0,0.0,0.0,,0.0,121639000.0,162995000.0,CLI SUL S.A.,outros,405151000.0,0.0
27251,3153185000.0,1181953000.0,224470000.0,794430000.0,817659000.0,,94324000.0,0.0,7619495000.0,1672000.0,,4902816000.0,872589000.0,345264000.0,INSPIRALI EDUCAÇÃO S.A.,saude_educacao,1162923000.0,4808492000.0
27260,954878000.0,390803000.0,0.0,120469000.0,333424000.0,,354528000.0,9311000.0,2943359000.0,1035000.0,,2831296000.0,135691000.0,212853000.0,CORREDOR LOGÍSTICA E INFRAESTRUTURA S.A.,tecnologia,546277000.0,2476768000.0
27316,148615000.0,47302000.0,0.0,15765000.0,101837000.0,6116000.0,16419000.0,0.0,1025213000.0,0.0,,1404257000.0,5755000.0,46607000.0,"BRAZIL TOWER, CESSÃO DE INFRA-ESTRUTURAS S.A",outros,148444000.0,1387838000.0
27324,506909000.0,220061000.0,6099000.0,112770000.0,203122000.0,,158041000.0,13936000.0,1609386000.0,0.0,,2250446000.0,84017000.0,129778000.0,VOKE S.A.,outros,332900000.0,2092405000.0
27332,267762000.0,175575000.0,0.0,1848000.0,90691000.0,,8614000.0,0.0,3091125000.0,0.0,,2970578000.0,4983000.0,100355000.0,HÉLIO VALGAS SOLAR PARTICIPAÇÕES S.A.,tecnologia,191046000.0,2961964000.0
27340,892233000.0,547492000.0,50535000.0,66490000.0,227716000.0,,97898000.0,191396000.0,912104000.0,0.0,,141782000.0,81354000.0,928000.0,CONSTRUTORA METROCASA S.A.,construcao,228644000.0,43884000.0
27375,608446000.0,690590000.0,0.0,63092000.0,-209942000.0,,5273000.0,31971000.0,2585808000.0,0.0,,1574322000.0,181911000.0,291989000.0,BRASIL BIOFUELS S.A.,outros,82047000.0,1569049000.0
27383,1045322000.0,834472000.0,0.0,22449000.0,199434000.0,,2204000.0,262000.0,2243449000.0,0.0,,2562688000.0,45529000.0,244656000.0,LETS RENT A CAR S/A,outros,444090000.0,2560484000.0
27391,1051764000.0,723760000.0,112465000.0,69875000.0,126265000.0,2697000.0,453995000.0,180989000.0,1192404000.0,0.0,,1303160000.0,93093000.0,9583000.0,BRZ EMPREENDIMENTOS E CONSTRUÇÕES S.A.,construcao,135848000.0,849165000.0
27430,3885196000.0,3212042000.0,200904000.0,134261000.0,326615000.0,,106586000.0,198301000.0,1759137000.0,0.0,,2412364000.0,118159000.0,66365000.0,ALUBAR METAIS E CABOS S.A.,outros,392980000.0,2305778000.0
27472,13291895000.0,7096866000.0,0.0,864405000.0,5677508000.0,,1378652000.0,147529000.0,60291585000.0,5265158000.0,,17158968000.0,809817000.0,1568568000.0,AXIA ENERGIA NORTE S.A.,utilities,7246076000.0,15780316000.0
27480,2899764000.0,1470732000.0,0.0,0.0,1874879000.0,,805325000.0,19800000.0,16927459000.0,409359000.0,,10135568000.0,337669000.0,163890000.0,AXIA ENERGIA SUL S.A.,utilities,2038769000.0,9330243000.0
27499,1097526000.0,380259000.0,0.0,382447000.0,289081000.0,0.0,299235000.0,21641000.0,3026604000.0,92411000.0,,3798954000.0,225308000.0,196131000.0,BRASIL TECNOLOGIA E PARTICIPAÇÕES S.A.,tecnologia,485212000.0,3499719000.0
27502,1683211000.0,813065000.0,142755000.0,353192000.0,331753000.0,,995910000.0,0.0,5156916000.0,0.0,,9177729000.0,289015000.0,452595000.0,GIGA MAIS FIBRA TELECOMUNICAÇÕES S.A.,utilities,784348000.0,8181819000.0
27510,2080429000.0,1512137000.0,0.0,156468000.0,409388000.0,,508226000.0,23103000.0,2133971000.0,21063000.0,,658364000.0,857658000.0,59487000.0,VITAL ENGENHARIA AMBIENTAL S.A.,outros,468875000.0,150138000.0
27545,550981000.0,417243000.0,0.0,6765000.0,126124000.0,,145238000.0,0.0,3174534000.0,0.0,,4205986000.0,7452000.0,121329000.0,ASSURUÁ 4 E 5 HOLDING ENERGIA S.A.,utilities,247453000.0,4060748000.0
27553,19361261000.0,19685910000.0,0.0,151939000.0,-476159000.0,,606435000.0,2312524000.0,30105399000.0,0.0,,13591197000.0,71346000.0,18987000.0,ENGELHART CTP (BRASIL) S.A.,outros,-457172000.0,12984762000.0
27600,2265091000.0,1507413000.0,0.0,331411000.0,371912000.0,,36557000.0,0.0,1658719000.0,0.0,,0.0,136005000.0,85978000.0,PORTO SERVIÇO S.A,outros,457890000.0,-36557000.0
27618,6532163000.0,5532518000.0,0.0,538455000.0,450704000.0,,299627000.0,0.0,3317357000.0,0.0,,0.0,187655000.0,13551000.0,PORTO SAÚDE PARTICIPAÇÕES S.A.,tecnologia,464255000.0,-299627000.0
27626,2198000.0,1487000.0,0.0,3522000.0,-57172000.0,,32000.0,104000.0,192262000.0,0.0,,6310000.0,721000.0,4263000.0,AZEVEDO & TRAVASSOS ENERGIA S.A.,utilities,-52909000.0,6278000.0
27642,14212394000.0,7241508000.0,0.0,1583001000.0,6163024000.0,,1844263000.0,61905000.0,45998340000.0,1225125000.0,,26959318000.0,1232676000.0,949455000.0,EQUIPAV SANEAMENTO S.A.,utilities,7112479000.0,25115055000.0
27669,954010000.0,657843000.0,7357000.0,169818000.0,124622000.0,,214989000.0,0.0,2018357000.0,0.0,,1289453000.0,378771000.0,77513000.0,CORPÓREOS - SERVIÇOS TERAPÊUTICOS S.A.,tecnologia,202135000.0,1074464000.0
27677,34365000.0,2197000.0,11294000.0,15546000.0,1259000.0,,4384000.0,387000.0,27599000.0,0.0,,1295000.0,3571000.0,1123000.0,ATOM EDUCAÇÃO E EDITORA S.A.,saude_educacao,2382000.0,-3089000.0
27693,1427794000.0,826706000.0,229190000.0,188012000.0,192898000.0,,238791000.0,10928000.0,4026085000.0,0.0,,3873031000.0,304145000.0,411994000.0,BRISANET SERVIÇOS DE TELECOMUNICAÇÕES S.A.,utilities,604892000.0,3634240000.0
27707,12240032000.0,10571072000.0,747021000.0,701333000.0,189833000.0,46368000.0,78741000.0,2961519000.0,8909802000.0,0.0,,6240860000.0,523900000.0,208508000.0,AUTOMOB PARTICIPAÇÕES S.A.,tecnologia,398341000.0,6162119000.0
27715,983315000.0,540193000.0,0.0,35272000.0,413558000.0,,365807000.0,0.0,1006392000.0,0.0,,424189000.0,33019000.0,12160000.0,EPR INFRAESTRUTURA PR S.A.,outros,425718000.0,58382000.0
27731,1219069000.0,378075000.0,0.0,90901000.0,744410000.0,2063000.0,194698000.0,61395000.0,3830544000.0,0.0,,3511372000.0,123027000.0,96623000.0,CONCESSIONÁRIA DA LINHA 4 DO METRÔ DE SÃO PAULO S.A.,outros,841033000.0,3316674000.0
27740,2348825000.0,1940268000.0,0.0,26161000.0,378208000.0,,1922644000.0,946854000.0,47107502000.0,0.0,,34903298000.0,10111000.0,3656000.0,PRIO FORTE S.A.,outros,381864000.0,32980654000.0
27766,2737927000.0,1562218000.0,856685000.0,246434000.0,210232000.0,,183445000.0,347555000.0,2454914000.0,0.0,,0.0,422997000.0,225911000.0,UNIÃO PET PARTICIPAÇÕES S.A.,tecnologia,436143000.0,-183445000.0
27774,15968815000.0,15470952000.0,12039000.0,129907000.0,362986000.0,,333166000.0,1938119000.0,7063042000.0,0.0,,152636000.0,61102000.0,5170000.0,BTG PACTUAL COMMODITIES SERTRADING S.A.,tecnologia,368156000.0,-180530000.0
27804,335932000.0,161012000.0,0.0,6636000.0,165826000.0,,658000.0,4865000.0,939894000.0,0.0,,1595266000.0,1792000.0,96656000.0,TERP GLBL BRASIL I PARTICIPAÇÕES S.A.,tecnologia,262482000.0,1594608000.0
27820,2204231000.0,1126993000.0,186613000.0,555353000.0,335935000.0,,176168000.0,52121000.0,4282186000.0,0.0,,3061240000.0,876374000.0,227572000.0,GRUPO SALTA EDUCAÇÃO S.A.,saude_educacao,563507000.0,2885072000.0
27839,2391950000.0,1585263000.0,323481000.0,235285000.0,264333000.0,,428536000.0,748435000.0,2759054000.0,0.0,,2384966000.0,163534000.0,22294000.0,CPX DISTRIBUIDORA S.A.,outros,286627000.0,1956430000.0
27847,483024000.0,335686000.0,34120000.0,37866000.0,121649000.0,,41113000.0,15576000.0,553487000.0,0.0,,264159000.0,78343000.0,35771000.0,TECNOGERA-LOCAÇÃO E TRANSFORMAÇÃO DE ENERGIA S.A.,utilities,157420000.0,223046000.0
27880,588420000.0,196018000.0,0.0,204887000.0,195071000.0,,5556000.0,0.0,5687315000.0,0.0,,5757018000.0,38915000.0,338644000.0,HIGHLINE BRASIL II INFRAESTRUTURA DE TELECOMUNICAÇÕES S.A.,utilities,533715000.0,5751462000.0
27995,12432000.0,5735000.0,0.0,8172000.0,-7348000.0,,784000.0,0.0,301715000.0,0.0,,608378000.0,144000.0,11336000.0,PLATÃO CAPITAL S.A.,outros,3988000.0,607594000.0
80020,132019000.0,0.0,0.0,77168000.0,-326139000.0,,227691000.0,0.0,2848174000.0,2365812000.0,,96254000.0,0.0,0.0,"GP INVESTMENTS, LTD.",outros,-326139000.0,-131437000.0
80187,3221711000.0,1849471000.0,0.0,180161000.0,1123166000.0,,1673091000.0,358800000.0,6689306000.0,0.0,,5487666000.0,0.0,0.0,AURA MINERALS INC.,commodities,1123166000.0,3814575000.0
80217,7768383000.0,3311638000.0,1609850000.0,937761000.0,1205552000.0,,1108394000.0,0.0,76458430000.0,1836053000.0,,0.0,0.0,0.0,"INTER & CO, INC.",outros,1205552000.0,-1108394000.0
80225,28934575000.0,21617778000.0,6192930000.0,0.0,931299000.0,,1889851000.0,3958568000.0,24652780000.0,2977059000.0,,3171658000.0,0.0,0.0,ALMACENES ÉXITO S.A.,outros,931299000.0,1281807000.0
80233,0.0,0.0,0.0,399000.0,2383631000.0,,181000.0,0.0,11652446000.0,11102336000.0,,0.0,0.0,0.0,JBS N.V.,outros,2383631000.0,-181000.0
